"Target","Common name","Uniprot ID","ChEMBL ID","Target Class","Probability*","Known actives (3D/2D)"
"Signal transducer and activator of transcription 3","STAT3","P40763","CHEMBL4026","Transcription factor","0.8256121285990333","292 /  17   "
"Bifunctional epoxide hydrolase 2","EPHX2","P34913","CHEMBL2409","Protease","0.6057990344212262","1540 /  8   "
"Platelet-activating factor receptor","PTAFR","P25105","CHEMBL250","Family A G protein-coupled receptor","0.30796257196250393","210 /  12   "
"Acetylcholinesterase","ACHE","P22303","CHEMBL220","Hydrolase","0.2570287867142225","2826 /  10   "
"Coagulation factor X","F10","P00742","CHEMBL244","Protease","0.2431195341747532","4595 /  14   "
"NACHT, LRR and PYD domains-containing protein 3","NLRP3","Q96P20","CHEMBL1741208","Unclassified protein","0.19836112296390404","220 /  8   "
"Oxysterol-binding protein 2","OSBP2","Q969R2","CHEMBL5465343","Unclassified protein","0.14981629560937967","0 /  7   "
"Oxysterol-binding protein 1","OSBP","P22059","CHEMBL4523203","Unclassified protein","0.14981629560937967","0 /  11   "
"Bile acid receptor","NR1H4","Q96RI1","CHEMBL2047","Nuclear receptor","0.14337793604142002","1202 /  21   "
"Tyrosine-protein phosphatase non-receptor type 11","PTPN11","Q06124","CHEMBL3864","Phosphatase","0.1415730023083708","1616 /  2   "
"Galectin-4","LGALS4","P56470","CHEMBL1671608","Other cytosolic protein","0.12520536876945676","8 /  3   "
"Galectin-3","LGALS3","P17931","CHEMBL4531","Other cytosolic protein","0.12520536876945676","732 /  6   "
"Galectin-8","LGALS8","O00214","CHEMBL5475","Other cytosolic protein","0.12520536876945676","16 /  7   "
"Heat shock protein HSP 90-alpha","HSP90AA1","P07900","CHEMBL3880","Other cytosolic protein","0.12332110189017471","497 /  15   "
"Cyclin-dependent kinase 1/cyclin B1","N/A","P06493&P14635","CHEMBL1907602","Kinase","0.0975450039477353","319 /  1   "
"NPC1-like intracellular cholesterol transporter 1","NPC1L1","Q9UHC9","CHEMBL2027","Other membrane protein","0.08771448150842992","80 /  16   "
"Tyrosine-protein phosphatase non-receptor type 1","PTPN1","P18031","CHEMBL335","Phosphatase","0.08766305336559989","846 /  44   "
"Protein kinase C alpha type","PRKCA","P17252","CHEMBL299","Kinase","0.08615150120587137","655 /  223   "
"Synaptojanin-2","SYNJ2","O15056","CHEMBL4523129","Hydrolase","0.08249884391018494","4 /  9   "
"Toll-like receptor 2","TLR2","O60603","CHEMBL4163","Toll-like and Il-1 receptors","0.07803269694547839","86 /  1   "
"Methionine aminopeptidase 2","METAP2","P50579","CHEMBL3922","Protease","0.07609510844183602","542 /  52   "
"Isocitrate dehydrogenase [NADP] cytoplasmic","IDH1","O75874","CHEMBL2007625","Oxidoreductase","0.06838501170313296","2342 /  2   "
"Androgen receptor","AR","P10275","CHEMBL1871","Nuclear receptor","0.06633844824054566","658 /  77   "
"Vascular endothelial growth factor receptor 2","KDR","P35968","CHEMBL279","Kinase","0.06080866758652797","6692 /  2   "
"Protein kinase C delta type","PRKCD","Q05655","CHEMBL2996","Kinase","0.0602489435132774","433 /  41   "
"Kir3.1/Kir3.4","N/A","P48549&P48544","CHEMBL3038488","Voltage-gated ion channel","0.06018903340303408","84 /  10   "
"Eukaryotic initiation factor 4A-I","EIF4A1","P60842","CHEMBL2052028","Hydrolase","0.05913634630060869","18 /  1   "
"DNA polymerase alpha catalytic subunit","POLA1","P09884","CHEMBL1828","Transferase","0.0586854866302412","17 /  2   "
"Protein kinase C epsilon type","PRKCE","Q02156","CHEMBL3582","Kinase","0.05645506243062731","207 /  33   "
"Glucocorticoid receptor","NR3C1","P04150","CHEMBL2034","Nuclear receptor","0.05429286109558302","1139 /  28   "
"Tubulin--tyrosine ligase","TTL","Q8NG68","CHEMBL5549","Ligase","0.05395574285675895","15 /  13   "
"Neurogenic locus notch homolog protein 1","NOTCH1","P46531","CHEMBL2146346","Membrane receptor","0.04834892785945057","93 /  1   "
"Matrix metalloproteinase-9","MMP9","P14780","CHEMBL321","Protease","0.04817740361229553","1689 /  1   "
"11-beta-hydroxysteroid dehydrogenase 1","HSD11B1","P28845","CHEMBL4235","Oxidoreductase","0.04699055816355817","906 /  13   "
"Protein kinase C theta type","PRKCQ","Q04759","CHEMBL3920","Kinase","0.04653257118757649","624 /  13   "
"Progesterone receptor","PGR","P06401","CHEMBL208","Nuclear receptor","0.04481061721744146","268 /  44   "
"Oxysterols receptor LXR-alpha","NR1H3","Q13133","CHEMBL2808","Nuclear receptor","0.04376308467137275","473 /  24   "
"Protein kinase C beta type","PRKCB","P05771","CHEMBL3045","Kinase","0.04327550465726544","325 /  15   "
"D-3-phosphoglycerate dehydrogenase","PHGDH","O43175","CHEMBL2311243","Oxidoreductase","0.041690138261893425","294 /  1   "
"Vitamin D3 receptor","VDR","P11473","CHEMBL1977","Nuclear receptor","0.04125963608137003","216 /  30   "
"Endothelin-1 receptor","EDNRA","P25101","CHEMBL252","Family A G protein-coupled receptor","0.0412510363417409","725 /  3   "
"Nicotinamide N-methyltransferase","NNMT","P40261","CHEMBL2346486","Transferase","0.04019547086898718","98 /  1   "
"Peroxisome proliferator-activated receptor gamma","PPARG","P37231","CHEMBL235","Nuclear receptor","0.03976244542212169","1806 /  12   "
"Oxysterols receptor LXR-beta","NR1H2","P55055","CHEMBL4093","Nuclear receptor","0.03962671102480888","561 /  9   "
"Bromodomain-containing protein 4","BRD4","O60885","CHEMBL1163125","Reader","0.03914770987884473","3793 /  10   "
"Aromatase","CYP19A1","P11511","CHEMBL1978","Cytochrome P450","0.03845278575843009","248 /  93   "
"Protein kinase C eta type","PRKCH","P24723","CHEMBL3616","Kinase","0.03777792735521854","106 /  10   "
"C-X-C chemokine receptor type 1","CXCR1","P25024","CHEMBL4029","Family A G protein-coupled receptor","0.03736437247001648","31 /  2   "
"Telomerase reverse transcriptase","TERT","O14746","CHEMBL2916","Transferase","0.03660648728431241","282 /  3   "
"Glutamate NMDA receptor; GRIN1/GRIN2B","N/A","Q05586&Q13224","CHEMBL1907603","Ligand-gated ion channel","0.03659507024390495","936 /  34   "
"Glutamate NMDA receptor; GRIN1/GRIN2A","N/A","Q05586&Q12879","CHEMBL1907604","Ligand-gated ion channel","0.03659507024390495","45 /  32   "
"Protein farnesyltransferase","N/A","P49354&P49356","CHEMBL2094108","Transferase","0.03595845935643414","653 /  6   "
"GABA-A receptor; alpha-1/beta-2/gamma-2","N/A","P14867&P47870&P18507","CHEMBL2095172","Ligand-gated ion channel","0.035759236884081114","35 /  7   "
"Sarcoplasmic/endoplasmic reticulum calcium ATPase 1","ATP2A1","O14983","CHEMBL3136","Primary active transporter","0.03480189027245825","5 /  4   "
"Beta-secretase 1","BACE1","P56817","CHEMBL4822","Protease","0.03434159495829789","6704 /  4   "
"Sodium-dependent noradrenaline transporter","SLC6A2","P23975","CHEMBL222","Electrochemical transporter","0.03379210068311575","928 /  4   "
"Toll-like receptor 9","TLR9","Q9NR96","CHEMBL5804","Toll-like and Il-1 receptors","0.03248752574307124","2756 /  2   "
"Prostaglandin G/H synthase 2","PTGS2","P35354","CHEMBL230","Oxidoreductase","0.032056121756649215","1066 /  17   "
"Maltase-glucoamylase","MGAM","O43451","CHEMBL2074","Hydrolase","0.031737355718250156","52 /  6   "
"Glycine receptor subunit alpha-1","GLRA1","P23415","CHEMBL5845","Ligand-gated ion channel","0.030763680009789116","16 /  7   "
"Autotaxin","ENPP2","Q13822","CHEMBL3691","Enzyme","0.030744368639771636","1408 /  15   "
"Thromboxane A2 receptor","TBXA2R","P21731","CHEMBL2069","Family A G protein-coupled receptor","0.030651359770222868","174 /  6   "
"Steroid 17-alpha-hydroxylase/17,20 lyase","CYP17A1","P05093","CHEMBL3522","Cytochrome P450","0.030487171171497723","136 /  35   "
"Zinc finger protein GLI1","GLI1","P08151","CHEMBL5461","Transcription factor","0.029038516834835385","4 /  6   "
"Geranylgeranyl transferase type I","N/A","P49354&P53609","CHEMBL2095164","Transferase","0.028648013112450972","136 /  1   "
"Isoleucine--tRNA ligase, cytoplasmic","IARS1","P41252","CHEMBL3235","Ligase","0.028248975283031517","20 /  1   "
"dCTP pyrophosphatase 1","DCTPP1","Q9H773","CHEMBL3769292","Hydrolase","0.027942191157552355","60 /  1   "
"Mineralocorticoid receptor","NR3C2","P08235","CHEMBL1994","Nuclear receptor","0.02736948564968326","258 /  22   "
"Bromodomain-containing protein 3","BRD3","Q15059","CHEMBL1795186","Reader","0.026569065351050487","364 /  9   "
"Beta-glucuronidase","GUSB","P08236","CHEMBL2728","Hydrolase","0.026569065351050487","107 /  1   "
"Motilin receptor","MLNR","O43193","CHEMBL2203","Family A G protein-coupled receptor","0.026478557564870525","45 /  3   "
"Adenosine receptor A3","ADORA3","P0DMS8","CHEMBL256","Family A G protein-coupled receptor","0.025842215642353884","2663 /  1   "
"Sarcoplasmic/endoplasmic reticulum calcium ATPase 2","ATP2A2","P16615","CHEMBL3901","Primary active transporter","0.025229376344297096","6 /  3   "
"3',5'-cyclic-AMP phosphodiesterase 4D","PDE4D","Q08499","CHEMBL288","Phosphodiesterase","0.02516623489613848","516 /  8   "
"Pyruvate carboxylase, mitochondrial","PC","P11498","CHEMBL5725151","Ligase","0.025112443681342942","1 /  1   "
"Cannabinoid receptor 2","CNR2","P34972","CHEMBL253","Family A G protein-coupled receptor","0.02507157725654264","2094 /  3   "
"Cannabinoid receptor 1","CNR1","P21554","CHEMBL218","Family A G protein-coupled receptor","0.02507157725654264","1703 /  3   "
"Liver carboxylesterase 1","CES1","P23141","CHEMBL2265","Hydrolase","0.025007806083790555","73 /  2   "
"Toll-like receptor 4","TLR4","O00206","CHEMBL5255","Toll-like and Il-1 receptors","0.02471594942683806","24 /  8   "
"Proteinase-activated receptor 2","F2RL1","P55085","CHEMBL5963","Family A G protein-coupled receptor","0.024425100744032122","14 /  1   "
"Hypoxia-inducible factor 1-alpha","HIF1A","Q16665","CHEMBL4261","Transcription factor","0.024098091619643904","104 /  3   "
"ATP-dependent translocase ABCB1","ABCB1","P08183","CHEMBL4302","Primary active transporter","0.024029837812295438","1190 /  19   "
"Pancreatic alpha-amylase","AMY2A","P04746","CHEMBL2045","Hydrolase","0.02331435327718118","3 /  4   "
"Ubiquitin carboxyl-terminal hydrolase 7","USP7","Q93009","CHEMBL2157850","Protease","0.023183761009404134","306 /  1   "
"Phospholipase A2, membrane associated","PLA2G2A","P14555","CHEMBL3474","Hydrolase","0.022877250737157278","106 /  8   "
"Phospholipase A2","PLA2G1B","P04054","CHEMBL4426","Hydrolase","0.022877250737157278","28 /  4   "
"Carbonic anhydrase 2","CA2","P00918","CHEMBL205","Lyase","0.022554974120937567","3287 /  44   "
"Carbonic anhydrase 1","CA1","P00915","CHEMBL261","Lyase","0.022554974120937567","2705 /  35   "
"Sucrase-isomaltase, intestinal","SI","P14410","CHEMBL2748","Hydrolase","0.02252688807236378","12 /  6   "
"Kelch-like ECH-associated protein 1","KEAP1","Q14145","CHEMBL2069156","Unclassified protein","0.022521380167389797","114 /  3   "
"Amyloid-beta precursor protein","APP","P05067","CHEMBL2487","Membrane receptor","0.02159474158352469","535 /  19   "
"Carbonic anhydrase 9","CA9","Q16790","CHEMBL3594","Lyase","0.021368408403163494","2436 /  37   "
"Prostaglandin G/H synthase 1","PTGS1","P23219","CHEMBL221","Oxidoreductase","0.021300896290565936","128 /  1   "
"Carbonic anhydrase 12","CA12","O43570","CHEMBL3242","Lyase","0.021296309736066495","2044 /  34   "
"Programmed cell death protein 4","PDCD4","Q53EL6","CHEMBL1781868","Unclassified protein","0.021236448169563073","10 /  8   "
"DNA (cytosine-5)-methyltransferase 3A","DNMT3A","Q9Y6K1","CHEMBL1992","Writer","0.020950322486669382","31 /  1   "
"Histamine H3 receptor","HRH3","Q9Y5N1","CHEMBL264","Family A G protein-coupled receptor","0.020877011270318414","2762 /  1   "
"Substance-K receptor","TACR2","P21452","CHEMBL2327","Family A G protein-coupled receptor","0.020804441619036117","705 /  1   "
"Kappa-type opioid receptor","OPRK1","P41145","CHEMBL237","Family A G protein-coupled receptor","0.0205506788514369","1736 /  9   "
"Squalene synthase","FDFT1","P37268","CHEMBL3338","Transferase","0.020423210363220225","62 /  30   "