Gene Symbol,MIM Number,Entrez Gene ID,Full OMIM Title
HEIH,*618615,100859930,HEPATOCELLULAR CARCINOMA-UPREGULATED EZH2-ASSOCIATED LONG NONCODING RNA; HEIH
YY1AP1,*607860,55249,YY1 ASSOCIATED PROTEIN 1; YY1AP1
HULC,*612210,728655,HEPATOCELLULAR CARCINOMA-UPREGULATED LONG NONCODING RNA; HULC
TXNDC5,*616412,81567,THIOREDOXIN DOMAIN-CONTAINING PROTEIN 5; TXNDC5
ZNF689,*618033,115509,ZINC FINGER PROTEIN 689; ZNF689
PSMG2,*609702,56984,PROTEASOME ASSEMBLY CHAPERONE 2; PSMG2
CFAP52,*609804,146845,CILIA- AND FLAGELLA-ASSOCIATED PROTEIN 52; CFAP52
SLC25A47,*609911,283600,"SOLUTE CARRIER FAMILY 25 (MITOCHONDRIAL CARRIER), MEMBER 47; SLC25A47"
VPS37A,*609927,137492,VPS37A SUBUNIT OF ESCRIT-I; VPS37A
TMEM176A,*610334,55365,TRANSMEMBRANE PROTEIN 176A; TMEM176A
SRRD,*602254,402055,SRR1 DOMAIN-CONTAINING PROTEIN; SRRD
TFDP3,*300772,51270,"TRANSCRIPTION FACTOR DP FAMILY, MEMBER 3; TFDP3"
PHF20,*610335,51230,PHD FINGER PROTEIN 20; PHF20
HCCAT5,*615613,283902,HEPATOCELLULAR CARCINOMA-ASSOCIATED TRANSCRIPT 5; HCCAT5
TP53,*191170,7157,TUMOR PROTEIN p53; TP53
SALL4,*607343,57167,SAL-LIKE 4; SALL4
RJALS,#616200,,RUIJS-AALFS PROGEROID SYNDROME; RJALS
PIK3CA,*171834,5290,"PHOSPHATIDYLINOSITOL 3-KINASE, CATALYTIC, ALPHA; PIK3CA"
HFE1,#235200,,"HEMOCHROMATOSIS, TYPE 1; HFE1"
MET,*164860,4233,"MET PROTOONCOGENE, RECEPTOR TYROSINE KINASE; MET"
CTNNB1,*116806,1499,"CATENIN, BETA-1; CTNNB1"
GSD1A,#232200,,GLYCOGEN STORAGE DISEASE Ia; GSD1A
TYRSN1,#276700,,"TYROSINEMIA, TYPE I; TYRSN1"
EGF,*131530,1950,EPIDERMAL GROWTH FACTOR; EGF
TJP2,*607709,9414,TIGHT JUNCTION PROTEIN 2; TJP2
LINC00261,*618518,140828,LONG INTERGENIC NONCODING RNA 261; LINC00261
SARNP,*610049,84324,SAP DOMAIN-CONTAINING RIBONUCLEOPROTEIN; SARNP
EIF2D,*613709,1939,EUKARYOTIC TRANSLATION INITIATION FACTOR 2D; EIF2D
UTP6,*620948,55813,UTP6 SMALL SUBUNIT PROCESSOME COMPONENT; UTP6
HNF1A,*142410,6927,HNF1 HOMEOBOX A; HNF1A
ALGS1,#118450,,ALAGILLE SYNDROME 1; ALGS1
IGF2R,*147280,3482,INSULIN-LIKE GROWTH FACTOR II RECEPTOR; IGF2R
LAPTM4B,*613296,55353,"LYSOSOME-ASSOCIATED PROTEIN, TRANSMEMBRANE 4, BETA; LAPTM4B"
PFIC2,#601847,,"CHOLESTASIS, PROGRESSIVE FAMILIAL INTRAHEPATIC, 2; PFIC2"
PFIC4,#615878,,"CHOLESTASIS, PROGRESSIVE FAMILIAL INTRAHEPATIC, 4; PFIC4"
WND,#277900,,WILSON DISEASE; WND
CASP8,*601763,841,"CASPASE 8, APOPTOSIS-RELATED CYSTEINE PROTEASE; CASP8"
RARB,*180220,5915,"RETINOIC ACID RECEPTOR, BETA; RARB"
HSD17B13,*612127,345275,17-BETA-HYDROXYSTEROID DEHYDROGENASE XIII; HSD17B13
CCNA2,*123835,890,CYCLIN A2; CCNA2
CHD1L,*613039,9557,CHROMODOMAIN HELICASE DNA-BINDING PROTEIN 1-LIKE; CHD1L
APC,*611731,324,APC REGULATOR OF WNT SIGNALING PATHWAY; APC
PDGFRL,*604584,5157,PLATELET-DERIVED GROWTH FACTOR RECEPTOR-LIKE; PDGFRL
AXIN1,*603816,8312,AXIS INHIBITOR 1; AXIN1
MAGEC2,*300468,51438,"MELANOMA ANTIGEN, FAMILY C, 2; MAGEC2"
STARD13,*609866,90627,START DOMAIN-CONTAINING PROTEIN 13; STARD13
TRIM52AS1,*619266,100507602,"TRIM52 ANTISENSE RNA 1, NONCODING; TRIM52AS1"
SOCS1,*603597,8651,SUPPRESSOR OF CYTOKINE SIGNALING 1; SOCS1
YAP1,*606608,10413,YES1-ASSOCIATED TRANSCRIPTIONAL REGULATOR; YAP1
ABCB11,*603201,8647,"ATP-BINDING CASSETTE, SUBFAMILY B, MEMBER 11; ABCB11"
BIRC2,*601712,329,BACULOVIRAL IAP REPEAT-CONTAINING PROTEIN 2; BIRC2
FGL1,*605776,2267,FIBRINOGEN-LIKE 1; FGL1
SMYD3,*608783,64754,SET AND MYND DOMAIN-CONTAINING PROTEIN 3; SMYD3
BDCHS,#600880,,BUDD-CHIARI SYNDROME; BDCHS
FLDP,#620116,,"FATTY LIVER DISEASE, PROTECTION FROM; FLDP"
AKT1,*164730,207,AKT SERINE/THREONINE KINASE 1; AKT1
INSIG1,*602055,3638,INSULIN-INDUCED GENE 1; INSIG1
PCK1,*614168,5105,"PHOSPHOENOLPYRUVATE CARBOXYKINASE 1, SOLUBLE; PCK1"
C1QTNF6,*614910,114904,C1q- AND TUMOR NECROSIS FACTOR-RELATED PROTEIN 6; C1QTNF6
TNFRSF12A,*605914,51330,"TUMOR NECROSIS FACTOR RECEPTOR SUPERFAMILY, MEMBER 12A; TNFRSF12A"
MIR224,*300769,407009,MICRO RNA 224; MIR224
INSIG2,*608660,51141,INSULIN-INDUCED GENE 2; INSIG2
MTDH,*610323,92140,METADHERIN; MTDH
BTBD7,*610386,55727,BTB/POZ DOMAIN-CONTAINING PROTEIN 7; BTBD7
RNMTL1,*612600,55178,RNA METHYLTRANSFERASE-LIKE 1; RNMTL1
PTEN,*601728,5728,PHOSPHATASE AND TENSIN HOMOLOG; PTEN
CDH6,*603007,1004,CADHERIN 6; CDH6
EPHX1,*132810,2052,"EPOXIDE HYDROLASE 1, MICROSOMAL; EPHX1"
DERL2,*610304,51009,"DER1-LIKE DOMAIN FAMILY, MEMBER 2; DERL2"
LGALS3,*153619,3958,"LECTIN, GALACTOSIDE-BINDING, SOLUBLE, 3; LGALS3"
IL10,*124092,3586,INTERLEUKIN 10; IL10
CERS2,*606920,29956,CERAMIDE SYNTHASE 2; CERS2
A1ATD,#613490,,ALPHA-1-ANTITRYPSIN DEFICIENCY; A1ATD
WFDC1,*605322,58189,WAP 4-DISULFIDE CORE DOMAIN 1; WFDC1
MBD4,*603574,8930,METHYL-CpG-BINDING DOMAIN PROTEIN 4; MBD4
CD82,*600623,3732,CD82 ANTIGEN; CD82
HEPACAM,*611642,220296,HEPATOCYTE CELL ADHESION MOLECULE; HEPACAM
VWCE,*611115,220001,VON WILLEBRAND FACTOR C AND EGF DOMAIN-CONTAINING PROTEIN; VWCE
PFIC1,#211600,,"CHOLESTASIS, PROGRESSIVE FAMILIAL INTRAHEPATIC, 1; PFIC1"
LAMTOR5,*608521,10542,"LATE ENDOSOMAL/LYSOSOMAL ADAPTOR, MAPK AND MTOR ACTIVATOR 5; LAMTOR5"
ASAP3,*616594,55616,"ARF GTPase-ACTIVATING PROTEIN WITH SH3 DOMAIN, ANKYRIN REPEAT, AND PH DOMAIN 3; ASAP3"
VANGL1,*610132,81839,VANGL PLANAR CELL POLARITY PROTEIN 1; VANGL1
CCNG1,*601578,900,CYCLIN G1; CCNG1
MIR122A,*609582,406906,MICRO RNA 122A; MIR122A
KRT19,*148020,3880,KERATIN 19; KRT19
CSRNP1,*606458,64651,CYSTEINE- AND SERINE-RICH NUCLEAR PROTEIN 1; CSRNP1
PRKACA,*601639,5566,"PROTEIN KINASE, cAMP-DEPENDENT, CATALYTIC, ALPHA; PRKACA"
FOXM1,*602341,2305,FORKHEAD BOX M1; FOXM1
ZG16,*617311,653808,"ZYMOGEN GRANULE PROTEIN, 16-KD; ZG16"
MIRLET7A1,*605386,406881,MICRO RNA LET7A1; MIRLET7A1
ABCB4,*171060,5244,"ATP-BINDING CASSETTE, SUBFAMILY B, MEMBER 4; ABCB4"
CADM1,*605686,23705,CELL ADHESION MOLECULE 1; CADM1
IGF2BP2,*608289,10644,INSULIN-LIKE GROWTH FACTOR 2 mRNA-BINDING PROTEIN 2; IGF2BP2
SERPINA11,*619619,256394,"SERPIN FAMILY A, MEMBER 11; SERPINA11"
AIP,#176000,,"PORPHYRIA, ACUTE INTERMITTENT; AIP"
SRS1,#180860,,SILVER-RUSSELL SYNDROME 1; SRS1
CDAA,#603471,,"CITRIN DEFICIENCY, ADOLESCENT OR ADULT ONSET; CDAA"
AT,#208900,,ATAXIA-TELANGIECTASIA; AT
CDNI,#605814,,"CITRIN DEFICIENCY, NEONATAL OR INFANTILE ONSET; CDNI"
NFKB1,*164011,4790,"NUCLEAR FACTOR KAPPA-B, SUBUNIT 1; NFKB1"
LCO,*165320,,LIVER CANCER ONCOGENE; LCO
GPD1,*138420,2819,GLYCEROL-3-PHOSPHATE DEHYDROGENASE 1; GPD1
HLA-DRA,*142860,3122,"MAJOR HISTOCOMPATIBILITY COMPLEX, CLASS II, DR ALPHA; HLA-DRA"
MKI67,*176741,4288,MARKER OF PROLIFERATION KI67; MKI67
TFCP2,*189889,7024,TRANSCRIPTION FACTOR CP2; TFCP2
APOBEC1,*600130,339,"APOLIPOPROTEIN B mRNA-EDITING ENZYME, CATALYTIC POLYPEPTIDE 1; APOBEC1"
MEOX2,*600535,4223,MESENCHYME HOMEOBOX 2; MEOX2
ASPH,*600582,444,ASPARTATE BETA-HYDROXYLASE; ASPH
MSRA,*601250,4482,PEPTIDE METHIONINE SULFOXIDE REDUCTASE; MSRA
ATP5ME,*601519,521,ATP SYNTHASE MEMBRANE SUBUNIT E; ATP5ME
ANGPT2,*601922,285,ANGIOPOIETIN 2; ANGPT2
LIN28B,*611044,389421,LIN28 HOMOLOG B; LIN28B
SCARA5,*611306,286133,"SCAVENGER RECEPTOR CLASS A, MEMBER 5; SCARA5"
HEPN1,*611641,641654,CANCER SUSCEPTIBILITY GENE HEPN1; HEPN1
ARMC10,*611864,83787,ARMADILLO REPEAT-CONTAINING 10; ARMC10
DEPDC5,*614191,9681,DEP DOMAIN-CONTAINING PROTEIN 5; DEPDC5
MIR519D,*614247,574480,MICRO RNA 519D; MIR519D
ACTBL2,*614835,345651,"ACTIN, BETA-LIKE, 2; ACTBL2"
SPRTN,*616086,83932,SprT-LIKE N-TERMINAL DOMAIN PROTEIN; SPRTN
LINC01018,*616385,255167,LONG INTERGENIC NONCODING RNA 1018; LINC01018
IGDCC4,*616810,57722,"IMMUNOGLOBULIN SUPERFAMILY, DCC SUBCLASS, MEMBER 4; IGDCC4"
NCOA5,*616825,57727,NUCLEAR RECEPTOR COACTIVATOR 5; NCOA5
ERGIC3,*616971,51614,ENDOPLASMIC RETICULUM-GOLGI INTERMEDIATE COMPARTMENT PROTEIN 3; ERGIC3
MIR490,*616972,574443,MICRO RNA 490; MIR490
TRIM35,*617007,23087,TRIPARTITE MOTIF-CONTAINING PROTEIN 35; TRIM35
LHPP,*617231,64077,PHOSPHOLYSINE PHOSPHOHISTIDINE INORGANIC PYROPHOSPHATE PHOSPHATASE; LHPP
SACK1D,*618380,81610,SCAFFOLDING CK1-ANCHORING PROTEIN D; SACK1D
CAP2,*618385,10486,CYCLASE-ASSOCIATED ACTIN CYTOSKELETON REGULATORY PROTEIN 2; CAP2
DLC1,*604258,10395,DLC1 RHO GTPase ACTIVATING PROTEIN; DLC1
DNAJB1,*604572,3337,"DNAJ/HSP40 HOMOLOG, SUBFAMILY B, MEMBER 1; DNAJB1"
RBM39,*604739,9584,RNA-BINDING MOTIF PROTEIN 39; RBM39
DKK4,*605417,27121,DICKKOPF WNT SIGNALING PATHWAY INHIBITOR 4; DKK4
DYNLRB1,*607167,83658,"DYNEIN, LIGHT CHAIN, ROADBLOCK TYPE, 1; DYNLRB1"
DYNLRB2,*607168,83657,"DYNEIN, LIGHT CHAIN, ROADBLOCK TYPE, 2; DYNLRB2"
MIR221,*300568,407006,MICRO RNA 221; MIR221
RPL36A,*300902,6173,RIBOSOMAL PROTEIN L36A; RPL36A
SYAP1,*301161,94056,SYNAPSE-ASSOCIATED PROTEIN 1; SYAP1
PRKN,*602544,5071,PARKIN RBR E3 UBIQUITIN PROTEIN LIGASE; PRKN
SDF2L1,*607551,23753,STROMAL CELL-DERIVED FACTOR 2-LIKE 1; SDF2L1
OIT3,*609330,170392,ONCOPROTEIN-INDUCED TRANSCRIPT 3; OIT3
ARID2,*609539,196528,AT-RICH INTERACTION DOMAIN-CONTAINING PROTEIN 2; ARID2
CRYL1,*609877,51084,"CRYSTALLIN, LAMBDA-1; CRYL1"
PIM3,*610580,415116,ONCOGENE PIM3; PIM3
FAH,*613871,2184,FUMARYLACETOACETATE HYDROLASE; FAH
PLPP5,*610626,84513,PHOSPHOLIPID PHOSPHATASE 5; PLPP5
MIR301A,*615675,407027,MICRO RNA 301A; MIR301A
ENDOV,*619821,284131,ENDONUCLEASE V; ENDOV
NAA40,*619999,79829,"N-ALPHA-ACETYLTRANSFERASE 40, NatD CATALYTIC SUBUNIT; NAA40"
LINC00974,*620053,147093,LONG INTERGENIC NONCODING RNA 974; LINC00974
SNHG20,*620555,654434,SMALL NUCLEOLAR RNA HOST GENE 20; SNHG20
TTC36,*620701,143941,TETRATRICOPEPTIDE REPEAT DOMAIN 36; TTC36
SAMD13,*620800,148418,STERILE ALPHA MOTIF DOMAIN-CONTAINING PROTEIN 13; SAMD13
RBM23,*621023,55147,RNA-BINDING MOTIF PROTEIN 23; RBM23
DNAJC25,*621389,548645,"DNAJ HEAT-SHOCK PROTEIN FAMILY (HSP40), MEMBER C25; DNAJC25"
C20ORF204,*621404,284739,CHROMOSOME 20 OPEN READING FRAME 204; C20ORF204
NCBP2AS2,*621467,152217,NCBP2 ANTISENSE RNA 2 (HEAD TO HEAD); NCBP2AS2
CPS1IT1,*621537,29034,"CPS1 INTRONIC TRANSCRIPT 1, NONCODING; CPS1IT1"
TMCO6,*621572,55374,TRANSMEMBRANE AND COILED-COIL DOMAINS PROTEIN 6; TMCO6
LYRM2,*621575,57226,LYR MOTIF-CONTAINING PROTEIN 2; LYRM2
ASH1LAS1,*621596,645676,ASH1L ANTISENSE RNA 1; ASH1LAS1
RNF214,*621641,257160,RING FINGER PROTEIN 214; RNF214
URGCP,*610337,55665,UPREGULATOR OF CELL PROLIFERATION; URGCP
IL6ST,*600694,3572,INTERLEUKIN 6 CYTOKINE FAMILY SIGNAL TRANSDUCER; IL6ST
MYC,*190080,4609,"MYC PROTOONCOGENE, bHLH TRANSCRIPTION FACTOR; MYC"
CASP3,*600636,836,"CASPASE 3, APOPTOSIS-RELATED CYSTEINE PROTEASE; CASP3"
KRAS,*190070,3845,"KRAS PROTOONCOGENE, GTPase; KRAS"
MYCT1,*616805,80177,MYC TARGET IN MYELOID CELLS 1; MYCT1
TPDS2,#619975,,TUMOR PREDISPOSITION SYNDROME 2; TPDS2
AR,*313700,367,ANDROGEN RECEPTOR; AR
GPR15LG,*617775,387695,G PROTEIN-COUPLED RECEPTOR 15 LIGAND; GPR15LG
GSDME,*608798,1687,GASDERMIN E; GSDME
MARK4,*606495,57787,MAP/MICROTUBULE AFFINITY-REGULATING KINASE 4; MARK4
CDH13,*601364,1012,CADHERIN 13; CDH13
HFE,*613609,3077,HOMEOSTATIC IRON REGULATOR; HFE
TRIM24,*603406,8805,TRIPARTITE MOTIF-CONTAINING PROTEIN 24; TRIM24
IDH1,*147700,3417,"ISOCITRATE DEHYDROGENASE, NADP(+), 1; IDH1"
EPHB4,*600011,2050,EPHRIN RECEPTOR EphB4; EPHB4
PCM1,*600299,5108,PERICENTRIOLAR MATERIAL 1; PCM1
TM4SF5,*604657,9032,"TRANSMEMBRANE 4 SUPERFAMILY, MEMBER 5; TM4SF5"
CIP2A,*610643,57650,CELL PROLIFERATION-REGULATING INHIBITOR OF PROTEIN PHOSPHATASE 2A; CIP2A
ALPS,#601859,,AUTOIMMUNE LYMPHOPROLIFERATIVE SYNDROME; ALPS
IL6,*147620,3569,INTERLEUKIN 6; IL6
EIF2AK2,*176871,5610,EUKARYOTIC TRANSLATION INITIATION FACTOR 2-ALPHA KINASE 2; EIF2AK2
RPS15,*180535,6209,RIBOSOMAL PROTEIN S15; RPS15
PRKAR1A,*188830,5573,"PROTEIN KINASE, cAMP-DEPENDENT, REGULATORY, TYPE I, ALPHA; PRKAR1A"
ZEB1,*189909,6935,ZINC FINGER E BOX-BINDING HOMEOBOX 1; ZEB1
BIN1,*601248,274,BRIDGING INTEGRATOR 1; BIN1
NPTNIT1,*615176,101241892,"NPTN INTRONIC TRANSCRIPT 1, NONCODING; NPTNIT1"
CLEC14A,*616845,161198,"C-TYPE LECTIN DOMAIN FAMILY 14, MEMBER A; CLEC14A"
PYROXD2,*617889,84795,PYRIDINE NUCLEOTIDE-DISULPHIDE OXIDOREDUCTASE DOMAIN-CONTAINING PROTEIN 2; PYROXD2
SLC31A1,*603085,1317,"SOLUTE CARRIER FAMILY 31 (COPPER TRANSPORTER), MEMBER 1; SLC31A1"
MMD,*604467,23531,MONOCYTE-TO-MACROPHAGE DIFFERENTIATION-ASSOCIATED PROTEIN; MMD
AIP,*605555,9049,ARYL HYDROCARBON RECEPTOR-INTERACTING PROTEIN; AIP
F11,*264900,2160,COAGULATION FACTOR XI; F11
