#node1	node2	node1_string_id	node2_string_id	neighborhood_on_chromosome	gene_fusion	phylogenetic_cooccurrence	homology	coexpression	experimentally_determined_interaction	database_annotated	automated_textmining	combined_score
ABCB1	MMP2	9606.ENSP00000478255	9606.ENSP00000219070	0	0	0	0	0.111	0	0	0.374	0.420
ABCB1	LGALS3	9606.ENSP00000478255	9606.ENSP00000254301	0	0	0	0	0	0.407	0	0.187	0.498
ABCB1	MDM2	9606.ENSP00000478255	9606.ENSP00000258149	0	0	0	0	0.103	0.068	0	0.419	0.472
ABCB1	KDR	9606.ENSP00000478255	9606.ENSP00000263923	0	0	0	0	0.054	0	0	0.452	0.460
ABCB1	STAT3	9606.ENSP00000478255	9606.ENSP00000264657	0	0	0	0	0	0	0	0.800	0.800
ABCB1	EGFR	9606.ENSP00000478255	9606.ENSP00000275493	0	0	0	0	0.071	0	0	0.607	0.619
ABCB1	ALB	9606.ENSP00000478255	9606.ENSP00000295897	0	0	0	0	0.074	0	0	0.553	0.569
ABCB1	CASP3	9606.ENSP00000478255	9606.ENSP00000311032	0	0	0	0	0.042	0.053	0	0.572	0.578
ABCB1	TYMS	9606.ENSP00000478255	9606.ENSP00000315644	0.054	0	0	0	0	0	0	0.542	0.548
ABCB1	MET	9606.ENSP00000478255	9606.ENSP00000317272	0	0	0	0	0.069	0.054	0	0.386	0.412
ABCB1	GSK3B	9606.ENSP00000478255	9606.ENSP00000324806	0	0	0	0	0.050	0.054	0	0.411	0.425
ABCB1	NR1I2	9606.ENSP00000478255	9606.ENSP00000336528	0	0	0	0	0.094	0	0	0.832	0.842
ABCB1	PARP1	9606.ENSP00000478255	9606.ENSP00000355759	0	0	0	0	0	0	0	0.544	0.544
ABCB1	PTGS2	9606.ENSP00000478255	9606.ENSP00000356438	0	0	0	0	0	0	0	0.410	0.410
ABCB1	XIAP	9606.ENSP00000478255	9606.ENSP00000360242	0	0	0	0	0.067	0.070	0	0.398	0.432
ABCB1	MMP9	9606.ENSP00000478255	9606.ENSP00000361405	0	0	0	0	0.111	0	0	0.418	0.460
ABCB1	SRC	9606.ENSP00000478255	9606.ENSP00000362680	0	0	0	0	0.050	0.054	0	0.420	0.433
ABCB1	GSTP1	9606.ENSP00000478255	9606.ENSP00000381607	0	0	0	0	0.074	0	0	0.581	0.595
ABCB1	ESR1	9606.ENSP00000478255	9606.ENSP00000405330	0	0	0	0	0.045	0	0	0.526	0.528
ABCB1	HIF1A	9606.ENSP00000478255	9606.ENSP00000437955	0	0	0	0	0.061	0	0	0.527	0.536
ABCB1	NR1H4	9606.ENSP00000478255	9606.ENSP00000447149	0	0	0	0	0.138	0	0	0.383	0.446
ABCB1	AKT1	9606.ENSP00000478255	9606.ENSP00000451828	0	0	0	0	0.050	0.054	0	0.607	0.616
ABCB1	NOTCH1	9606.ENSP00000478255	9606.ENSP00000498587	0	0	0	0	0.067	0.071	0	0.383	0.419
ABCB1	IGF1R	9606.ENSP00000478255	9606.ENSP00000497069	0	0	0	0	0.050	0.070	0	0.441	0.463
AKT1	MAPK1	9606.ENSP00000451828	9606.ENSP00000215832	0	0	0	0.593	0.118	0.110	0.900	0.872	0.988
AKT1	MMP2	9606.ENSP00000451828	9606.ENSP00000219070	0	0	0	0	0.055	0	0	0.844	0.846
AKT1	MAPK14	9606.ENSP00000451828	9606.ENSP00000229795	0	0	0.119	0.621	0.246	0.739	0.900	0.535	0.990
AKT1	LGALS3	9606.ENSP00000451828	9606.ENSP00000254301	0	0	0	0	0.086	0	0	0.682	0.697
AKT1	MDM2	9606.ENSP00000451828	9606.ENSP00000258149	0	0	0	0	0	0.891	0.900	0.980	0.999
AKT1	KDR	9606.ENSP00000451828	9606.ENSP00000263923	0	0	0	0.560	0.056	0.074	0	0.701	0.715
AKT1	STAT3	9606.ENSP00000451828	9606.ENSP00000264657	0	0	0	0	0.118	0.096	0.500	0.925	0.966
AKT1	DNMT3A	9606.ENSP00000451828	9606.ENSP00000264709	0	0	0	0	0.049	0.058	0	0.506	0.518
AKT1	CDK6	9606.ENSP00000451828	9606.ENSP00000265734	0	0	0	0.603	0.042	0.228	0	0.307	0.443
AKT1	CDK2	9606.ENSP00000451828	9606.ENSP00000266970	0	0	0	0.651	0.060	0.098	0	0.542	0.577
AKT1	EGFR	9606.ENSP00000451828	9606.ENSP00000275493	0	0	0	0.559	0.042	0.640	0	0.445	0.792
AKT1	PPARG	9606.ENSP00000451828	9606.ENSP00000287820	0	0	0	0	0.084	0.071	0	0.773	0.790
AKT1	ALB	9606.ENSP00000451828	9606.ENSP00000295897	0	0	0	0	0	0	0	0.795	0.795
AKT1	NOS3	9606.ENSP00000451828	9606.ENSP00000297494	0	0	0	0	0	0.786	0.900	0.909	0.997
AKT1	MAP2K1	9606.ENSP00000451828	9606.ENSP00000302486	0	0	0.100	0.632	0.060	0.161	0	0.366	0.490
AKT1	TERT	9606.ENSP00000451828	9606.ENSP00000309572	0	0	0	0	0.050	0.612	0	0.758	0.903
AKT1	CASP3	9606.ENSP00000451828	9606.ENSP00000311032	0	0	0	0	0.044	0.311	0	0.923	0.945
AKT1	TYMS	9606.ENSP00000451828	9606.ENSP00000315644	0	0	0	0	0.042	0	0	0.434	0.435
AKT1	MET	9606.ENSP00000451828	9606.ENSP00000317272	0	0	0	0.570	0	0.071	0	0.389	0.408
AKT1	NQO1	9606.ENSP00000451828	9606.ENSP00000319788	0	0	0	0	0.042	0.292	0	0.602	0.706
AKT1	PCK1	9606.ENSP00000451828	9606.ENSP00000319814	0	0	0	0	0	0.292	0	0.504	0.634
AKT1	MMP1	9606.ENSP00000451828	9606.ENSP00000322788	0	0	0	0	0.055	0	0	0.571	0.578
AKT1	GSK3B	9606.ENSP00000451828	9606.ENSP00000324806	0	0	0	0.579	0.138	0.929	0.900	0.428	0.996
AKT1	NR1I2	9606.ENSP00000451828	9606.ENSP00000336528	0	0	0	0	0.055	0.071	0	0.437	0.463
AKT1	TGFBR2	9606.ENSP00000451828	9606.ENSP00000351905	0	0	0	0.562	0.114	0	0	0.534	0.570
AKT1	STAT1	9606.ENSP00000451828	9606.ENSP00000354394	0	0	0	0	0.106	0.096	0.400	0.930	0.961
AKT1	PARP1	9606.ENSP00000451828	9606.ENSP00000355759	0	0	0	0	0.049	0	0	0.824	0.825
AKT1	PTGS2	9606.ENSP00000451828	9606.ENSP00000356438	0	0	0	0	0.078	0	0	0.767	0.775
AKT1	XIAP	9606.ENSP00000451828	9606.ENSP00000360242	0	0	0	0	0.049	0.786	0	0.725	0.939
AKT1	MMP9	9606.ENSP00000451828	9606.ENSP00000361405	0	0	0	0	0.086	0	0	0.819	0.827
AKT1	PLAU	9606.ENSP00000451828	9606.ENSP00000361850	0	0	0	0	0.055	0.096	0	0.583	0.612
AKT1	SRC	9606.ENSP00000451828	9606.ENSP00000362680	0	0	0.171	0.566	0.088	0.601	0.500	0.977	0.995
AKT1	TLR4	9606.ENSP00000451828	9606.ENSP00000363089	0	0	0	0	0.074	0.100	0	0.745	0.769
AKT1	AR	9606.ENSP00000451828	9606.ENSP00000363822	0	0	0	0	0.055	0.636	0	0.721	0.895
AKT1	IGF1	9606.ENSP00000451828	9606.ENSP00000376637	0	0	0	0	0	0.063	0	0.934	0.935
AKT1	KEAP1	9606.ENSP00000451828	9606.ENSP00000377245	0	0	0	0	0.164	0	0	0.684	0.724
AKT1	MAPK8	9606.ENSP00000451828	9606.ENSP00000378974	0	0	0	0.576	0.053	0.326	0	0.576	0.706
AKT1	GSTP1	9606.ENSP00000451828	9606.ENSP00000381607	0	0	0	0	0.043	0	0	0.400	0.401
AKT1	PPARA	9606.ENSP00000451828	9606.ENSP00000385523	0	0	0	0	0.084	0.071	0	0.676	0.700
AKT1	IDH1	9606.ENSP00000451828	9606.ENSP00000390265	0	0	0	0	0.042	0	0	0.618	0.619
AKT1	CHEK1	9606.ENSP00000451828	9606.ENSP00000391090	0	0	0	0.570	0	0.200	0	0.285	0.404
AKT1	FGFR1	9606.ENSP00000451828	9606.ENSP00000393312	0	0	0	0.570	0.050	0.316	0	0.365	0.552
AKT1	ESR1	9606.ENSP00000451828	9606.ENSP00000405330	0	0	0	0	0.055	0.314	0	0.877	0.913
AKT1	HRAS	9606.ENSP00000451828	9606.ENSP00000407586	0	0	0	0	0.103	0.110	0	0.880	0.896
AKT1	RXRA	9606.ENSP00000451828	9606.ENSP00000419692	0	0	0	0	0.099	0.071	0	0.554	0.595
AKT1	HIF1A	9606.ENSP00000451828	9606.ENSP00000437955	0	0	0	0	0	0.229	0	0.916	0.932
AKT1	NR1H4	9606.ENSP00000451828	9606.ENSP00000447149	0	0	0	0	0.055	0.071	0	0.463	0.487
AKT1	IGF1R	9606.ENSP00000451828	9606.ENSP00000497069	0	0	0	0.559	0.062	0.294	0	0.470	0.619
AKT1	PTPN11	9606.ENSP00000451828	9606.ENSP00000489597	0	0	0	0	0.081	0.152	0	0.718	0.762
AKT1	CCNA2	9606.ENSP00000451828	9606.ENSP00000481380	0	0	0	0	0.051	0.295	0	0.685	0.771
AKT1	NOTCH1	9606.ENSP00000451828	9606.ENSP00000498587	0	0	0	0	0.139	0.505	0	0.757	0.887
ALB	MAPK1	9606.ENSP00000295897	9606.ENSP00000215832	0	0	0	0	0	0	0	0.563	0.563
ALB	MMP2	9606.ENSP00000295897	9606.ENSP00000219070	0	0	0	0	0.073	0.069	0	0.616	0.640
ALB	MAPK14	9606.ENSP00000295897	9606.ENSP00000229795	0	0	0	0	0	0	0	0.472	0.472
ALB	LGALS3	9606.ENSP00000295897	9606.ENSP00000254301	0	0	0	0	0.055	0	0	0.766	0.770
ALB	MDM2	9606.ENSP00000295897	9606.ENSP00000258149	0	0	0	0	0	0.292	0	0.457	0.599
ALB	KDR	9606.ENSP00000295897	9606.ENSP00000263923	0	0	0	0	0	0	0	0.618	0.618
ALB	STAT3	9606.ENSP00000295897	9606.ENSP00000264657	0	0	0	0	0	0	0	0.694	0.694
ALB	CDK6	9606.ENSP00000295897	9606.ENSP00000265734	0	0	0	0	0.086	0	0	0.384	0.413
ALB	CDK2	9606.ENSP00000295897	9606.ENSP00000266970	0	0	0	0	0.081	0	0	0.516	0.536
ALB	EGFR	9606.ENSP00000295897	9606.ENSP00000275493	0	0	0	0	0	0	0	0.808	0.808
ALB	PPARG	9606.ENSP00000295897	9606.ENSP00000287820	0	0	0	0	0	0.045	0	0.681	0.682
ALB	PCK1	9606.ENSP00000295897	9606.ENSP00000319814	0	0	0	0	0.099	0	0	0.367	0.405
ALB	FGFR1	9606.ENSP00000295897	9606.ENSP00000393312	0	0	0	0	0	0	0	0.405	0.405
ALB	CHEK1	9606.ENSP00000295897	9606.ENSP00000391090	0	0	0	0	0.084	0	0	0.392	0.419
ALB	IDH1	9606.ENSP00000295897	9606.ENSP00000390265	0	0	0	0	0.056	0	0	0.411	0.420
ALB	TGFBR2	9606.ENSP00000295897	9606.ENSP00000351905	0	0	0	0	0	0	0	0.424	0.424
ALB	PLK1	9606.ENSP00000295897	9606.ENSP00000300093	0	0	0	0	0.057	0	0	0.420	0.429
ALB	HRAS	9606.ENSP00000295897	9606.ENSP00000407586	0	0	0	0	0	0	0	0.440	0.440
ALB	TGFBR1	9606.ENSP00000295897	9606.ENSP00000447297	0	0	0	0	0	0	0	0.453	0.453
ALB	NOTCH1	9606.ENSP00000295897	9606.ENSP00000498587	0	0	0	0	0	0	0	0.463	0.463
ALB	TERT	9606.ENSP00000295897	9606.ENSP00000309572	0	0	0	0	0.053	0	0	0.462	0.469
ALB	MMP1	9606.ENSP00000295897	9606.ENSP00000322788	0	0	0	0	0.066	0.069	0	0.453	0.483
ALB	NR1I2	9606.ENSP00000295897	9606.ENSP00000336528	0	0	0	0	0.067	0.045	0	0.468	0.484
ALB	IGF1R	9606.ENSP00000295897	9606.ENSP00000497069	0	0	0	0	0	0	0	0.496	0.496
ALB	MAP2K1	9606.ENSP00000295897	9606.ENSP00000302486	0	0	0	0	0.044	0	0	0.511	0.512
ALB	MET	9606.ENSP00000295897	9606.ENSP00000317272	0	0	0	0	0.065	0	0	0.511	0.523
ALB	MAPK8	9606.ENSP00000295897	9606.ENSP00000378974	0	0	0	0	0.080	0	0	0.506	0.526
ALB	NQO1	9606.ENSP00000295897	9606.ENSP00000319788	0	0	0	0	0.062	0	0	0.519	0.529
ALB	KEAP1	9606.ENSP00000295897	9606.ENSP00000377245	0	0	0	0	0	0	0	0.532	0.532
ALB	AR	9606.ENSP00000295897	9606.ENSP00000363822	0	0	0	0	0	0.045	0	0.532	0.534
ALB	STAT1	9606.ENSP00000295897	9606.ENSP00000354394	0	0	0	0	0	0	0	0.545	0.545
ALB	XIAP	9606.ENSP00000295897	9606.ENSP00000360242	0	0	0	0	0	0	0	0.547	0.547
ALB	NR1H4	9606.ENSP00000295897	9606.ENSP00000447149	0	0	0	0	0.158	0.045	0	0.489	0.553
ALB	CCNA2	9606.ENSP00000295897	9606.ENSP00000481380	0	0	0	0	0.084	0.129	0	0.488	0.556
ALB	PRKACA	9606.ENSP00000295897	9606.ENSP00000309591	0	0	0	0	0	0	0	0.612	0.612
ALB	NOS3	9606.ENSP00000295897	9606.ENSP00000297494	0	0	0	0	0	0	0	0.624	0.624
ALB	PARP1	9606.ENSP00000295897	9606.ENSP00000355759	0	0	0	0	0.060	0	0	0.618	0.626
ALB	HIF1A	9606.ENSP00000295897	9606.ENSP00000437955	0	0	0	0	0	0	0	0.642	0.642
ALB	SRC	9606.ENSP00000295897	9606.ENSP00000362680	0	0	0	0	0	0	0	0.655	0.655
ALB	GSK3B	9606.ENSP00000295897	9606.ENSP00000324806	0	0	0	0	0	0.162	0	0.627	0.674
ALB	PLAU	9606.ENSP00000295897	9606.ENSP00000361850	0	0	0	0	0.059	0.052	0	0.699	0.708
ALB	MMP9	9606.ENSP00000295897	9606.ENSP00000361405	0	0	0	0	0.053	0.069	0	0.734	0.745
ALB	PPARA	9606.ENSP00000295897	9606.ENSP00000385523	0	0	0	0	0	0.115	0	0.730	0.751
ALB	PTGS2	9606.ENSP00000295897	9606.ENSP00000356438	0	0	0	0	0.055	0	0	0.769	0.772
ALB	ESR1	9606.ENSP00000295897	9606.ENSP00000405330	0	0	0	0	0.042	0.045	0	0.795	0.796
ALB	CASP3	9606.ENSP00000295897	9606.ENSP00000311032	0	0	0	0	0	0	0	0.815	0.815
ALB	TLR4	9606.ENSP00000295897	9606.ENSP00000363089	0	0	0	0	0	0	0	0.821	0.821
ALB	IGF1	9606.ENSP00000295897	9606.ENSP00000376637	0	0	0	0	0	0	0	0.830	0.830
ALB	F2	9606.ENSP00000295897	9606.ENSP00000308541	0	0	0	0	0.652	0.052	0	0.973	0.990
ALB	SERPINA1	9606.ENSP00000295897	9606.ENSP00000416066	0	0	0	0	0.263	0.074	0.400	0.996	0.998
ALDH2	GSTP1	9606.ENSP00000261733	9606.ENSP00000381607	0	0	0	0	0.122	0.053	0	0.419	0.476
ALDH2	SERPINA1	9606.ENSP00000261733	9606.ENSP00000416066	0	0	0	0	0.082	0.422	0	0.167	0.519
ALDH2	IDH1	9606.ENSP00000261733	9606.ENSP00000390265	0	0	0	0	0.133	0	0	0.492	0.541
AR	MAPK1	9606.ENSP00000363822	9606.ENSP00000215832	0	0	0	0	0	0.292	0	0.360	0.527
AR	MMP2	9606.ENSP00000363822	9606.ENSP00000219070	0	0	0	0	0.059	0	0	0.400	0.412
AR	MDM2	9606.ENSP00000363822	9606.ENSP00000258149	0	0	0	0	0	0.920	0	0.979	0.998
AR	STAT3	9606.ENSP00000363822	9606.ENSP00000264657	0	0	0	0	0.048	0.626	0	0.761	0.907
AR	CDK6	9606.ENSP00000363822	9606.ENSP00000265734	0	0	0	0	0	0.407	0	0.440	0.654
AR	CDK2	9606.ENSP00000363822	9606.ENSP00000266970	0	0	0	0	0	0.045	0	0.493	0.495
AR	EGFR	9606.ENSP00000363822	9606.ENSP00000275493	0	0	0	0	0	0.536	0	0.720	0.864
AR	PPARG	9606.ENSP00000363822	9606.ENSP00000287820	0	0	0	0.571	0	0	0	0.517	0.517
AR	TERT	9606.ENSP00000363822	9606.ENSP00000309572	0	0	0	0	0	0	0	0.420	0.420
AR	PRKACA	9606.ENSP00000363822	9606.ENSP00000309591	0	0	0	0	0.048	0	0.900	0.415	0.939
AR	CASP3	9606.ENSP00000363822	9606.ENSP00000311032	0	0	0	0	0.046	0	0	0.595	0.597
AR	MET	9606.ENSP00000363822	9606.ENSP00000317272	0	0	0	0	0.046	0.071	0	0.488	0.507
AR	GSK3B	9606.ENSP00000363822	9606.ENSP00000324806	0	0	0	0	0	0.314	0	0.778	0.841
AR	STAT1	9606.ENSP00000363822	9606.ENSP00000354394	0	0	0	0	0	0.045	0	0.569	0.571
AR	PARP1	9606.ENSP00000363822	9606.ENSP00000355759	0	0	0	0	0	0	0	0.621	0.621
AR	PTGS2	9606.ENSP00000363822	9606.ENSP00000356438	0	0	0	0	0.047	0	0	0.420	0.423
AR	MMP9	9606.ENSP00000363822	9606.ENSP00000361405	0	0	0	0	0	0	0	0.495	0.495
AR	SRC	9606.ENSP00000363822	9606.ENSP00000362680	0	0	0	0	0	0.748	0	0.944	0.985
AR	GSTP1	9606.ENSP00000363822	9606.ENSP00000381607	0	0	0	0	0	0.045	0	0.418	0.420
AR	NOTCH1	9606.ENSP00000363822	9606.ENSP00000498587	0	0	0	0	0	0.050	0	0.421	0.427
AR	CCNA2	9606.ENSP00000363822	9606.ENSP00000481380	0	0	0	0	0.049	0	0	0.426	0.431
AR	IGF1	9606.ENSP00000363822	9606.ENSP00000376637	0	0	0	0	0.076	0	0	0.738	0.747
AR	IGF1R	9606.ENSP00000363822	9606.ENSP00000497069	0	0	0	0	0.085	0.071	0	0.792	0.808
AR	HIF1A	9606.ENSP00000363822	9606.ENSP00000437955	0	0	0	0	0.067	0.525	0	0.733	0.871
AR	ESR1	9606.ENSP00000363822	9606.ENSP00000405330	0	0	0	0.651	0.172	0	0	0.978	0.981
CASP3	MAPK1	9606.ENSP00000311032	9606.ENSP00000215832	0	0	0	0	0.100	0.045	0.900	0.599	0.961
CASP3	MMP2	9606.ENSP00000311032	9606.ENSP00000219070	0	0	0	0	0.090	0	0	0.698	0.713
CASP3	MAPK14	9606.ENSP00000311032	9606.ENSP00000229795	0	0	0	0	0.105	0.294	0	0.733	0.817
CASP3	LGALS3	9606.ENSP00000311032	9606.ENSP00000254301	0	0	0	0	0	0.084	0	0.436	0.461
CASP3	MDM2	9606.ENSP00000311032	9606.ENSP00000258149	0	0	0	0	0.066	0.832	0	0.803	0.966
CASP3	KDR	9606.ENSP00000311032	9606.ENSP00000263923	0	0	0	0	0	0	0	0.598	0.598
CASP3	STAT3	9606.ENSP00000311032	9606.ENSP00000264657	0	0	0	0	0.055	0	0	0.801	0.804
CASP3	CDK6	9606.ENSP00000311032	9606.ENSP00000265734	0	0	0	0	0.126	0	0	0.638	0.670
CASP3	CDK2	9606.ENSP00000311032	9606.ENSP00000266970	0	0	0	0	0.114	0.075	0	0.808	0.829
CASP3	EGFR	9606.ENSP00000311032	9606.ENSP00000275493	0	0	0	0	0.061	0	0	0.741	0.747
CASP3	PPARG	9606.ENSP00000311032	9606.ENSP00000287820	0	0	0	0	0.046	0	0	0.692	0.694
CASP3	NOS3	9606.ENSP00000311032	9606.ENSP00000297494	0	0	0	0	0	0	0	0.604	0.604
CASP3	PLK1	9606.ENSP00000311032	9606.ENSP00000300093	0	0	0	0	0.055	0	0	0.637	0.642
CASP3	MAP2K1	9606.ENSP00000311032	9606.ENSP00000302486	0	0	0	0	0.110	0	0	0.615	0.643
CASP3	TERT	9606.ENSP00000311032	9606.ENSP00000309572	0	0	0	0	0	0	0	0.468	0.468
CASP3	PRKACA	9606.ENSP00000311032	9606.ENSP00000309591	0	0	0	0	0.042	0	0	0.537	0.537
CASP3	PTPN11	9606.ENSP00000311032	9606.ENSP00000489597	0	0	0	0	0.079	0	0	0.377	0.402
CASP3	FGFR1	9606.ENSP00000311032	9606.ENSP00000393312	0	0	0	0	0.042	0	0	0.414	0.415
CASP3	TGFBR2	9606.ENSP00000311032	9606.ENSP00000351905	0	0	0	0	0	0.067	0	0.400	0.416
CASP3	PLAU	9606.ENSP00000311032	9606.ENSP00000361850	0	0	0	0	0.047	0	0	0.415	0.418
CASP3	TYMS	9606.ENSP00000311032	9606.ENSP00000315644	0	0	0	0	0.120	0	0	0.415	0.464
CASP3	TGFBR1	9606.ENSP00000311032	9606.ENSP00000447297	0	0	0	0	0.125	0.067	0	0.398	0.466
CASP3	HRAS	9606.ENSP00000311032	9606.ENSP00000407586	0	0	0	0	0.055	0.053	0	0.466	0.480
CASP3	MMP1	9606.ENSP00000311032	9606.ENSP00000322788	0	0	0	0	0.114	0	0	0.450	0.492
CASP3	SERPINA1	9606.ENSP00000311032	9606.ENSP00000416066	0	0	0	0	0.055	0	0	0.564	0.571
CASP3	PPARA	9606.ENSP00000311032	9606.ENSP00000385523	0	0	0	0	0.046	0	0	0.570	0.572
CASP3	NOTCH1	9606.ENSP00000311032	9606.ENSP00000498587	0	0	0	0	0.044	0.061	0	0.566	0.576
CASP3	IGF1R	9606.ENSP00000311032	9606.ENSP00000497069	0	0	0	0	0.087	0.067	0	0.601	0.631
CASP3	NQO1	9606.ENSP00000311032	9606.ENSP00000319788	0	0	0	0	0.043	0	0	0.645	0.645
CASP3	KEAP1	9606.ENSP00000311032	9606.ENSP00000377245	0	0	0	0	0.071	0	0	0.638	0.650
CASP3	IGF1	9606.ENSP00000311032	9606.ENSP00000376637	0	0	0	0	0	0	0	0.680	0.680
CASP3	SRC	9606.ENSP00000311032	9606.ENSP00000362680	0	0	0	0	0.053	0.067	0	0.672	0.685
CASP3	ESR1	9606.ENSP00000311032	9606.ENSP00000405330	0	0	0	0	0.046	0	0	0.691	0.692
CASP3	CCNA2	9606.ENSP00000311032	9606.ENSP00000481380	0	0	0	0	0.077	0	0	0.694	0.706
CASP3	MET	9606.ENSP00000311032	9606.ENSP00000317272	0	0	0	0	0	0.403	0	0.530	0.708
CASP3	TLR4	9606.ENSP00000311032	9606.ENSP00000363089	0	0	0	0	0.092	0.062	0	0.719	0.740
CASP3	GSK3B	9606.ENSP00000311032	9606.ENSP00000324806	0	0	0	0	0.057	0.067	0	0.736	0.747
CASP3	CHEK1	9606.ENSP00000311032	9606.ENSP00000391090	0	0	0	0	0.089	0	0	0.752	0.764
CASP3	HIF1A	9606.ENSP00000311032	9606.ENSP00000437955	0	0	0	0	0.094	0	0	0.752	0.766
CASP3	STAT1	9606.ENSP00000311032	9606.ENSP00000354394	0	0	0	0	0.106	0.421	0	0.610	0.780
CASP3	MMP9	9606.ENSP00000311032	9606.ENSP00000361405	0	0	0	0	0.101	0	0	0.793	0.806
CASP3	PTGS2	9606.ENSP00000311032	9606.ENSP00000356438	0	0	0	0	0.055	0	0	0.863	0.865
CASP3	MAPK8	9606.ENSP00000311032	9606.ENSP00000378974	0	0	0	0	0.049	0.292	0	0.922	0.943
CASP3	XIAP	9606.ENSP00000311032	9606.ENSP00000360242	0	0	0	0	0.069	0.998	0.900	0.998	0.999
CASP3	PARP1	9606.ENSP00000311032	9606.ENSP00000355759	0	0	0	0	0.064	0.867	0.900	0.953	0.999
CBR1	STAT3	9606.ENSP00000290349	9606.ENSP00000264657	0	0	0	0	0.042	0	0	0.442	0.442
CBR1	EGFR	9606.ENSP00000290349	9606.ENSP00000275493	0	0	0	0	0.062	0.228	0	0.460	0.575
CBR1	ESR1	9606.ENSP00000290349	9606.ENSP00000405330	0	0	0	0	0.048	0.368	0	0.116	0.421
CBR1	FGFR1	9606.ENSP00000290349	9606.ENSP00000393312	0	0	0	0	0	0	0	0.429	0.429
CBR1	GSTP1	9606.ENSP00000290349	9606.ENSP00000381607	0	0	0	0	0.088	0.056	0	0.427	0.464
CBR1	NQO1	9606.ENSP00000290349	9606.ENSP00000319788	0	0	0	0	0.104	0	0	0.441	0.479
CBR1	PTGS2	9606.ENSP00000290349	9606.ENSP00000356438	0	0	0	0	0.055	0	0	0.540	0.546
CCNA2	MAPK1	9606.ENSP00000481380	9606.ENSP00000215832	0	0.001	0	0	0.063	0	0	0.393	0.408
CCNA2	MMP2	9606.ENSP00000481380	9606.ENSP00000219070	0	0	0	0	0.067	0	0	0.413	0.429
CCNA2	MDM2	9606.ENSP00000481380	9606.ENSP00000258149	0	0	0	0	0.056	0	0.400	0.735	0.837
CCNA2	KDR	9606.ENSP00000481380	9606.ENSP00000263923	0	0	0	0	0	0.050	0	0.550	0.554
CCNA2	STAT3	9606.ENSP00000481380	9606.ENSP00000264657	0	0	0	0	0	0	0	0.519	0.519
CCNA2	CDK6	9606.ENSP00000481380	9606.ENSP00000265734	0	0.001	0	0	0.342	0.995	0	0.994	0.999
CCNA2	CDK2	9606.ENSP00000481380	9606.ENSP00000266970	0	0.003	0	0	0.453	0.999	0.900	0.999	0.999
CCNA2	EGFR	9606.ENSP00000481380	9606.ENSP00000275493	0	0	0	0	0	0	0	0.556	0.556
CCNA2	PLK1	9606.ENSP00000481380	9606.ENSP00000300093	0	0	0	0	0.757	0	0	0.836	0.958
CCNA2	MAP2K1	9606.ENSP00000481380	9606.ENSP00000302486	0	0	0	0	0.078	0	0	0.381	0.405
CCNA2	TERT	9606.ENSP00000481380	9606.ENSP00000309572	0	0	0	0	0.118	0	0.400	0.445	0.680
CCNA2	TYMS	9606.ENSP00000481380	9606.ENSP00000315644	0	0	0	0	0.768	0	0	0.444	0.865
CCNA2	GSK3B	9606.ENSP00000481380	9606.ENSP00000324806	0	0	0	0	0.051	0.046	0	0.493	0.501
CCNA2	PARP1	9606.ENSP00000481380	9606.ENSP00000355759	0	0	0	0	0.191	0	0	0.602	0.665
CCNA2	PTGS2	9606.ENSP00000481380	9606.ENSP00000356438	0	0	0	0	0.102	0	0	0.385	0.424
CCNA2	XIAP	9606.ENSP00000481380	9606.ENSP00000360242	0	0	0	0	0.083	0	0	0.399	0.426
CCNA2	MMP9	9606.ENSP00000481380	9606.ENSP00000361405	0	0	0	0	0.088	0	0	0.471	0.497
CCNA2	SRC	9606.ENSP00000481380	9606.ENSP00000362680	0	0	0	0	0.051	0.290	0	0.449	0.597
CCNA2	MAPK8	9606.ENSP00000481380	9606.ENSP00000378974	0	0	0	0	0.049	0	0	0.611	0.614
CCNA2	CHEK1	9606.ENSP00000481380	9606.ENSP00000391090	0	0	0	0	0.790	0	0	0.721	0.939
CCNA2	ESR1	9606.ENSP00000481380	9606.ENSP00000405330	0	0	0	0	0.049	0	0	0.555	0.559
CCNA2	HIF1A	9606.ENSP00000481380	9606.ENSP00000437955	0	0	0	0	0.054	0	0	0.455	0.462
CDK2	MMP2	9606.ENSP00000266970	9606.ENSP00000219070	0	0	0	0	0	0	0	0.479	0.479
CDK2	MAPK14	9606.ENSP00000266970	9606.ENSP00000229795	0	0	0.082	0.852	0.062	0.131	0	0.462	0.543
CDK2	MDM2	9606.ENSP00000266970	9606.ENSP00000258149	0	0	0	0	0	0	0.400	0.759	0.849
CDK2	KDR	9606.ENSP00000266970	9606.ENSP00000263923	0	0	0	0.601	0.051	0	0	0.426	0.432
CDK2	STAT3	9606.ENSP00000266970	9606.ENSP00000264657	0	0	0	0	0.070	0.093	0	0.594	0.627
CDK2	CDK6	9606.ENSP00000266970	9606.ENSP00000265734	0	0	0.075	0.925	0.085	0.676	0.900	0.963	0.998
CDK2	STAT1	9606.ENSP00000266970	9606.ENSP00000354394	0	0	0	0	0.062	0.093	0	0.370	0.417
CDK2	PPARG	9606.ENSP00000266970	9606.ENSP00000287820	0	0	0	0	0	0.045	0	0.428	0.431
CDK2	F2	9606.ENSP00000266970	9606.ENSP00000308541	0	0	0	0	0.107	0	0	0.392	0.433
CDK2	IGF1	9606.ENSP00000266970	9606.ENSP00000376637	0	0	0	0	0	0	0	0.447	0.447
CDK2	NOTCH1	9606.ENSP00000266970	9606.ENSP00000498587	0	0	0	0	0.062	0.092	0	0.420	0.464
CDK2	MAPK8	9606.ENSP00000266970	9606.ENSP00000378974	0	0	0.085	0.830	0.049	0.065	0	0.422	0.467
CDK2	TGFBR2	9606.ENSP00000266970	9606.ENSP00000351905	0	0	0	0	0	0.098	0	0.479	0.510
CDK2	MMP9	9606.ENSP00000266970	9606.ENSP00000361405	0	0	0	0	0	0	0	0.566	0.566
CDK2	EGFR	9606.ENSP00000266970	9606.ENSP00000275493	0	0	0	0.622	0.042	0	0	0.565	0.566
CDK2	PTGS2	9606.ENSP00000266970	9606.ENSP00000356438	0	0	0	0	0	0	0	0.598	0.598
CDK2	XIAP	9606.ENSP00000266970	9606.ENSP00000360242	0	0	0	0	0.212	0	0	0.513	0.600
CDK2	TYMS	9606.ENSP00000266970	9606.ENSP00000315644	0	0	0	0	0.358	0	0	0.457	0.636
CDK2	HRAS	9606.ENSP00000266970	9606.ENSP00000407586	0	0	0	0	0.067	0.144	0	0.590	0.644
CDK2	TERT	9606.ENSP00000266970	9606.ENSP00000309572	0	0	0	0	0.074	0	0.400	0.485	0.689
CDK2	PARP1	9606.ENSP00000266970	9606.ENSP00000355759	0	0	0	0	0.116	0.075	0	0.668	0.705
CDK2	ESR1	9606.ENSP00000266970	9606.ENSP00000405330	0	0	0	0	0	0.294	0	0.612	0.714
CDK2	PLK1	9606.ENSP00000266970	9606.ENSP00000300093	0	0	0	0.628	0.368	0.150	0	0.558	0.742
CDK2	GSK3B	9606.ENSP00000266970	9606.ENSP00000324806	0	0	0	0.827	0.044	0.098	0	0.755	0.770
CDK2	HIF1A	9606.ENSP00000266970	9606.ENSP00000437955	0	0	0	0	0.070	0.292	0	0.684	0.773
CDK2	CHEK1	9606.ENSP00000266970	9606.ENSP00000391090	0	0	0	0.625	0.238	0.242	0.500	0.601	0.869
CDK6	MMP2	9606.ENSP00000265734	9606.ENSP00000219070	0	0	0	0	0	0	0	0.435	0.435
CDK6	MDM2	9606.ENSP00000265734	9606.ENSP00000258149	0	0	0	0	0	0	0	0.656	0.656
CDK6	STAT3	9606.ENSP00000265734	9606.ENSP00000264657	0	0	0	0	0.055	0.095	0	0.872	0.881
CDK6	DNMT3A	9606.ENSP00000265734	9606.ENSP00000264709	0	0	0	0	0.088	0	0	0.432	0.461
CDK6	IDH1	9606.ENSP00000265734	9606.ENSP00000390265	0	0	0	0	0.049	0	0	0.420	0.424
CDK6	MET	9606.ENSP00000265734	9606.ENSP00000317272	0	0	0	0.608	0.102	0.240	0	0.259	0.450
CDK6	KEAP1	9606.ENSP00000265734	9606.ENSP00000377245	0	0	0	0	0.056	0.320	0	0.229	0.462
CDK6	MMP9	9606.ENSP00000265734	9606.ENSP00000361405	0	0	0	0	0	0	0	0.484	0.484
CDK6	TYMS	9606.ENSP00000265734	9606.ENSP00000315644	0	0	0	0	0.270	0	0	0.342	0.499
CDK6	PLK1	9606.ENSP00000265734	9606.ENSP00000300093	0	0	0	0.610	0.316	0.150	0	0.248	0.525
CDK6	XIAP	9606.ENSP00000265734	9606.ENSP00000360242	0	0	0	0	0.208	0	0	0.455	0.550
CDK6	HIF1A	9606.ENSP00000265734	9606.ENSP00000437955	0	0	0	0	0.096	0.167	0	0.452	0.552
CDK6	SRC	9606.ENSP00000265734	9606.ENSP00000362680	0	0	0	0.604	0.077	0.098	0.400	0.210	0.552
CDK6	NOTCH1	9606.ENSP00000265734	9606.ENSP00000498587	0	0	0	0	0.071	0.092	0	0.539	0.578
CDK6	ESR1	9606.ENSP00000265734	9606.ENSP00000405330	0	0	0	0	0	0.045	0	0.584	0.585
CDK6	TERT	9606.ENSP00000265734	9606.ENSP00000309572	0	0	0	0	0.049	0.180	0	0.524	0.596
CDK6	PARP1	9606.ENSP00000265734	9606.ENSP00000355759	0	0	0	0	0.115	0	0	0.593	0.625
CDK6	CHEK1	9606.ENSP00000265734	9606.ENSP00000391090	0	0	0	0.616	0.183	0.242	0	0.489	0.656
CDK6	HRAS	9606.ENSP00000265734	9606.ENSP00000407586	0	0	0	0	0.067	0.095	0	0.641	0.670
CHEK1	MAPK14	9606.ENSP00000391090	9606.ENSP00000229795	0	0	0	0.593	0.056	0.091	0	0.456	0.492
CHEK1	MDM2	9606.ENSP00000391090	9606.ENSP00000258149	0	0	0	0	0.060	0	0	0.693	0.699
CHEK1	KDR	9606.ENSP00000391090	9606.ENSP00000263923	0	0	0	0	0	0	0	0.540	0.540
CHEK1	STAT3	9606.ENSP00000391090	9606.ENSP00000264657	0	0	0	0	0	0	0	0.434	0.434
CHEK1	EGFR	9606.ENSP00000391090	9606.ENSP00000275493	0	0	0	0	0	0.103	0	0.573	0.601
CHEK1	PLK1	9606.ENSP00000391090	9606.ENSP00000300093	0	0	0	0.613	0.298	0	0	0.365	0.535
CHEK1	MAP2K1	9606.ENSP00000391090	9606.ENSP00000302486	0	0	0	0.575	0.116	0.191	0	0.229	0.400
CHEK1	TERT	9606.ENSP00000391090	9606.ENSP00000309572	0	0	0	0	0.082	0.088	0	0.572	0.610
CHEK1	TYMS	9606.ENSP00000391090	9606.ENSP00000315644	0	0	0	0	0.551	0.232	0	0.635	0.863
CHEK1	GSK3B	9606.ENSP00000391090	9606.ENSP00000324806	0	0	0	0.583	0	0.092	0	0.486	0.514
CHEK1	PARP1	9606.ENSP00000391090	9606.ENSP00000355759	0	0	0	0	0.109	0.330	0	0.781	0.858
CHEK1	XIAP	9606.ENSP00000391090	9606.ENSP00000360242	0	0	0	0	0.049	0.314	0	0.595	0.712
CHEK1	HIF1A	9606.ENSP00000391090	9606.ENSP00000437955	0	0	0	0	0.062	0	0	0.417	0.429
CHEK1	ESR1	9606.ENSP00000391090	9606.ENSP00000405330	0	0	0	0	0.055	0	0	0.447	0.455
CHEK1	IGF1R	9606.ENSP00000391090	9606.ENSP00000497069	0	0	0	0	0	0.184	0	0.371	0.465
DNMT3A	MDM2	9606.ENSP00000264709	9606.ENSP00000258149	0	0	0	0	0	0	0	0.407	0.407
DNMT3A	STAT3	9606.ENSP00000264709	9606.ENSP00000264657	0	0	0	0	0.042	0.074	0	0.656	0.668
DNMT3A	HRAS	9606.ENSP00000264709	9606.ENSP00000407586	0	0	0	0	0	0.071	0	0.413	0.432
DNMT3A	EGFR	9606.ENSP00000264709	9606.ENSP00000275493	0	0	0	0	0.044	0	0	0.435	0.436
DNMT3A	PARP1	9606.ENSP00000264709	9606.ENSP00000355759	0	0	0	0	0.094	0.125	0	0.348	0.438
DNMT3A	GSTP1	9606.ENSP00000264709	9606.ENSP00000381607	0	0	0	0	0.057	0.050	0	0.431	0.446
DNMT3A	TERT	9606.ENSP00000264709	9606.ENSP00000309572	0	0	0	0	0.089	0	0	0.447	0.475
DNMT3A	ESR1	9606.ENSP00000264709	9606.ENSP00000405330	0	0	0	0	0	0	0	0.510	0.510
DNMT3A	NOTCH1	9606.ENSP00000264709	9606.ENSP00000498587	0	0	0	0	0.054	0.091	0	0.510	0.542
DNMT3A	SRC	9606.ENSP00000264709	9606.ENSP00000362680	0	0	0	0	0.042	0.058	0	0.550	0.558
DNMT3A	STAT1	9606.ENSP00000264709	9606.ENSP00000354394	0	0	0	0	0.049	0.074	0	0.552	0.571
DNMT3A	PTPN11	9606.ENSP00000264709	9606.ENSP00000489597	0	0	0	0	0.047	0	0	0.583	0.585
DNMT3A	IDH1	9606.ENSP00000264709	9606.ENSP00000390265	0	0	0	0	0.042	0	0	0.797	0.797
EGFR	MAPK1	9606.ENSP00000275493	9606.ENSP00000215832	0	0	0	0.579	0.047	0.042	0	0.609	0.612
EGFR	MMP2	9606.ENSP00000275493	9606.ENSP00000219070	0	0	0	0	0.099	0	0	0.674	0.693
EGFR	MAPK14	9606.ENSP00000275493	9606.ENSP00000229795	0	0	0	0.579	0.042	0.600	0	0.519	0.799
EGFR	LGALS3	9606.ENSP00000275493	9606.ENSP00000254301	0	0	0	0	0.073	0.600	0	0.913	0.964
EGFR	MDM2	9606.ENSP00000275493	9606.ENSP00000258149	0	0	0	0	0	0	0.650	0.718	0.897
EGFR	KDR	9606.ENSP00000275493	9606.ENSP00000263923	0	0	0	0.564	0.075	0.139	0	0.774	0.805
EGFR	STAT3	9606.ENSP00000275493	9606.ENSP00000264657	0	0	0	0	0.042	0.925	0	0.985	0.998
EGFR	RARB	9606.ENSP00000275493	9606.ENSP00000332296	0	0	0	0	0.059	0.092	0	0.376	0.420
EGFR	PPARA	9606.ENSP00000275493	9606.ENSP00000385523	0	0	0	0	0.079	0.092	0	0.374	0.431
EGFR	FGFR1	9606.ENSP00000275493	9606.ENSP00000393312	0	0	0	0.604	0.067	0.215	0	0.346	0.479
EGFR	GSK3B	9606.ENSP00000275493	9606.ENSP00000324806	0	0	0	0.568	0.047	0.091	0	0.548	0.574
EGFR	MAP2K1	9606.ENSP00000275493	9606.ENSP00000302486	0	0	0	0.597	0.049	0.098	0	0.549	0.579
EGFR	PLAU	9606.ENSP00000275493	9606.ENSP00000361850	0	0	0	0	0.083	0	0	0.571	0.589
EGFR	TYMS	9606.ENSP00000275493	9606.ENSP00000315644	0	0	0	0	0.042	0	0	0.592	0.593
EGFR	TGFBR2	9606.ENSP00000275493	9606.ENSP00000351905	0	0	0	0	0.066	0.091	0	0.574	0.606
EGFR	FGFR2	9606.ENSP00000275493	9606.ENSP00000410294	0	0	0	0.609	0.068	0.101	0	0.569	0.608
EGFR	XIAP	9606.ENSP00000275493	9606.ENSP00000360242	0	0	0	0	0.049	0.244	0	0.534	0.636
EGFR	EPHB4	9606.ENSP00000275493	9606.ENSP00000350896	0	0	0	0.607	0.068	0.263	0	0.540	0.656
EGFR	TGFBR1	9606.ENSP00000275493	9606.ENSP00000447297	0	0	0	0	0	0.093	0	0.656	0.675
EGFR	MMP1	9606.ENSP00000275493	9606.ENSP00000322788	0	0	0	0	0.080	0	0	0.681	0.694
EGFR	TERT	9606.ENSP00000275493	9606.ENSP00000309572	0	0	0	0	0	0	0	0.697	0.697
EGFR	PRKACA	9606.ENSP00000275493	9606.ENSP00000309591	0	0	0	0.594	0.042	0.510	0	0.427	0.707
EGFR	GSTP1	9606.ENSP00000275493	9606.ENSP00000381607	0	0	0	0	0.055	0.510	0	0.431	0.713
EGFR	TLR4	9606.ENSP00000275493	9606.ENSP00000363089	0	0	0	0	0	0.331	0	0.626	0.739
EGFR	KEAP1	9606.ENSP00000275493	9606.ENSP00000377245	0	0	0	0	0.042	0.420	0	0.581	0.746
EGFR	PARP1	9606.ENSP00000275493	9606.ENSP00000355759	0	0	0	0	0.044	0.100	0	0.734	0.751
EGFR	IDH1	9606.ENSP00000275493	9606.ENSP00000390265	0	0	0	0	0.042	0	0	0.795	0.795
EGFR	MMP9	9606.ENSP00000275493	9606.ENSP00000361405	0	0	0	0	0.055	0	0	0.825	0.827
EGFR	MAPK8	9606.ENSP00000275493	9606.ENSP00000378974	0	0	0	0.567	0.047	0.621	0	0.567	0.830
EGFR	PTGS2	9606.ENSP00000275493	9606.ENSP00000356438	0	0	0	0	0.068	0	0	0.831	0.836
EGFR	PPARG	9606.ENSP00000275493	9606.ENSP00000287820	0	0	0	0	0.112	0.329	0	0.758	0.843
EGFR	NOTCH1	9606.ENSP00000275493	9606.ENSP00000498587	0	0	0	0	0.042	0.075	0	0.872	0.877
EGFR	HIF1A	9606.ENSP00000275493	9606.ENSP00000437955	0	0	0	0	0.055	0	0.500	0.873	0.934
EGFR	STAT1	9606.ENSP00000275493	9606.ENSP00000354394	0	0	0	0	0.042	0.840	0	0.851	0.975
EGFR	ESR1	9606.ENSP00000275493	9606.ENSP00000405330	0	0	0	0	0	0.583	0	0.974	0.988
EGFR	IGF1R	9606.ENSP00000275493	9606.ENSP00000497069	0	0	0	0.571	0.113	0.585	0	0.972	0.989
EGFR	IGF1	9606.ENSP00000275493	9606.ENSP00000376637	0	0	0	0	0	0	0.900	0.919	0.991
EGFR	HRAS	9606.ENSP00000275493	9606.ENSP00000407586	0	0	0	0	0.053	0.315	0.900	0.931	0.994
EGFR	MET	9606.ENSP00000275493	9606.ENSP00000317272	0	0	0	0.582	0.250	0.806	0	0.978	0.996
EGFR	PTPN11	9606.ENSP00000275493	9606.ENSP00000489597	0	0	0	0	0.042	0.995	0.900	0.991	0.999
EGFR	SRC	9606.ENSP00000275493	9606.ENSP00000362680	0	0	0	0.665	0.042	0.928	0.900	0.988	0.999
EPHB4	MMP2	9606.ENSP00000350896	9606.ENSP00000219070	0	0	0	0	0.078	0	0.400	0.269	0.560
EPHB4	NOTCH1	9606.ENSP00000350896	9606.ENSP00000498587	0	0	0	0	0.084	0.098	0	0.472	0.526
EPHB4	MMP9	9606.ENSP00000350896	9606.ENSP00000361405	0	0	0	0	0.058	0	0.400	0.306	0.573
EPHB4	SRC	9606.ENSP00000350896	9606.ENSP00000362680	0	0	0	0.749	0.044	0.045	0.500	0.398	0.688
ESR1	MAPK1	9606.ENSP00000405330	9606.ENSP00000215832	0	0	0	0	0	0.625	0.900	0.681	0.987
ESR1	MMP2	9606.ENSP00000405330	9606.ENSP00000219070	0	0	0	0	0.042	0	0	0.579	0.580
ESR1	MAPK14	9606.ENSP00000405330	9606.ENSP00000229795	0	0	0	0	0	0	0.900	0.561	0.954
ESR1	MDM2	9606.ENSP00000405330	9606.ENSP00000258149	0	0	0	0	0.042	0.785	0	0.762	0.946
ESR1	KDR	9606.ENSP00000405330	9606.ENSP00000263923	0	0	0	0	0	0.045	0	0.687	0.688
ESR1	STAT3	9606.ENSP00000405330	9606.ENSP00000264657	0	0	0	0	0.042	0.476	0	0.873	0.930
ESR1	PPARG	9606.ENSP00000405330	9606.ENSP00000287820	0	0	0	0.604	0.059	0	0	0.790	0.794
ESR1	NOS3	9606.ENSP00000405330	9606.ENSP00000297494	0	0	0	0	0	0.301	0	0.689	0.773
ESR1	PLK1	9606.ENSP00000405330	9606.ENSP00000300093	0	0	0	0	0	0.045	0	0.418	0.420
ESR1	MAP2K1	9606.ENSP00000405330	9606.ENSP00000302486	0	0	0	0	0.051	0.057	0	0.508	0.521
ESR1	TERT	9606.ENSP00000405330	9606.ENSP00000309572	0	0	0	0	0	0	0	0.553	0.553
ESR1	PRKACA	9606.ENSP00000405330	9606.ENSP00000309591	0	0	0	0	0	0	0.900	0.581	0.956
ESR1	MET	9606.ENSP00000405330	9606.ENSP00000317272	0	0	0	0	0.111	0.071	0	0.643	0.680
ESR1	MMP1	9606.ENSP00000405330	9606.ENSP00000322788	0	0	0	0	0	0	0	0.410	0.410
ESR1	GSK3B	9606.ENSP00000405330	9606.ENSP00000324806	0	0	0	0	0	0.071	0	0.618	0.629
ESR1	TGFBR2	9606.ENSP00000405330	9606.ENSP00000351905	0	0	0	0	0.055	0.071	0	0.617	0.634
ESR1	STAT1	9606.ENSP00000405330	9606.ENSP00000354394	0	0	0	0	0.043	0.304	0.500	0.775	0.915
ESR1	PARP1	9606.ENSP00000405330	9606.ENSP00000355759	0	0	0	0	0	0.312	0	0.647	0.746
ESR1	PTGS2	9606.ENSP00000405330	9606.ENSP00000356438	0	0	0	0	0.047	0	0	0.672	0.674
ESR1	XIAP	9606.ENSP00000405330	9606.ENSP00000360242	0	0	0	0	0.044	0.045	0	0.637	0.639
ESR1	MMP9	9606.ENSP00000405330	9606.ENSP00000361405	0	0	0	0	0.074	0	0	0.763	0.772
ESR1	PLAU	9606.ENSP00000405330	9606.ENSP00000361850	0	0	0	0	0	0	0	0.476	0.476
ESR1	SRC	9606.ENSP00000405330	9606.ENSP00000362680	0	0	0	0	0	0.925	0.900	0.996	0.999
ESR1	TLR4	9606.ENSP00000405330	9606.ENSP00000363089	0	0	0	0	0	0.066	0	0.426	0.441
ESR1	IGF1	9606.ENSP00000405330	9606.ENSP00000376637	0	0	0	0	0.062	0	0	0.964	0.964
ESR1	MAPK8	9606.ENSP00000405330	9606.ENSP00000378974	0	0	0	0	0	0	0.900	0.659	0.964
ESR1	GSTP1	9606.ENSP00000405330	9606.ENSP00000381607	0	0	0	0	0	0.045	0	0.534	0.536
ESR1	PPARA	9606.ENSP00000405330	9606.ENSP00000385523	0	0	0	0.602	0.059	0	0	0.610	0.618
ESR1	FGFR1	9606.ENSP00000405330	9606.ENSP00000393312	0	0	0	0	0	0.045	0	0.553	0.555
ESR1	PTPN11	9606.ENSP00000405330	9606.ENSP00000489597	0	0	0	0	0.055	0.064	0	0.558	0.574
ESR1	TGFBR1	9606.ENSP00000405330	9606.ENSP00000447297	0	0	0	0	0.057	0.071	0	0.562	0.583
ESR1	NOTCH1	9606.ENSP00000405330	9606.ENSP00000498587	0	0	0	0	0	0.050	0	0.638	0.642
ESR1	RXRA	9606.ENSP00000405330	9606.ENSP00000419692	0	0	0	0.723	0	0.096	0	0.630	0.651
ESR1	HRAS	9606.ENSP00000405330	9606.ENSP00000407586	0	0	0	0	0	0.073	0	0.705	0.715
ESR1	NR1H4	9606.ENSP00000405330	9606.ENSP00000447149	0	0	0	0.617	0.055	0.510	0	0.491	0.744
ESR1	FGFR2	9606.ENSP00000405330	9606.ENSP00000410294	0	0	0	0	0.043	0.045	0	0.773	0.774
ESR1	HIF1A	9606.ENSP00000405330	9606.ENSP00000437955	0	0	0	0	0.067	0.636	0	0.861	0.948
ESR1	IGF1R	9606.ENSP00000405330	9606.ENSP00000497069	0	0	0	0	0.063	0.743	0.500	0.994	0.999
F2	NR1H4	9606.ENSP00000308541	9606.ENSP00000447149	0	0	0	0	0.278	0	0	0.292	0.467
F2	IGF1	9606.ENSP00000308541	9606.ENSP00000376637	0	0	0	0	0.042	0	0.400	0.308	0.567
F2	PLAU	9606.ENSP00000308541	9606.ENSP00000361850	0	0	0.164	0.641	0	0	0.540	0.198	0.664
F2	SERPINA1	9606.ENSP00000308541	9606.ENSP00000416066	0	0	0	0	0.260	0.045	0	0.726	0.790
FGFR1	MAPK1	9606.ENSP00000393312	9606.ENSP00000215832	0	0	0	0.588	0	0	0.400	0.195	0.496
FGFR1	MMP2	9606.ENSP00000393312	9606.ENSP00000219070	0	0	0	0	0.112	0	0	0.585	0.616
FGFR1	LGALS3	9606.ENSP00000393312	9606.ENSP00000254301	0	0	0	0	0.054	0.067	0	0.481	0.501
FGFR1	MDM2	9606.ENSP00000393312	9606.ENSP00000258149	0	0	0	0	0	0.045	0	0.509	0.511
FGFR1	KDR	9606.ENSP00000393312	9606.ENSP00000263923	0	0	0	0.747	0.068	0.091	0	0.654	0.681
FGFR1	STAT3	9606.ENSP00000393312	9606.ENSP00000264657	0	0	0	0	0	0.328	0	0.511	0.657
FGFR1	TERT	9606.ENSP00000393312	9606.ENSP00000309572	0	0	0	0	0	0	0	0.507	0.507
FGFR1	TGFBR2	9606.ENSP00000393312	9606.ENSP00000351905	0	0	0	0.563	0.055	0.280	0	0.203	0.410
FGFR1	MMP9	9606.ENSP00000393312	9606.ENSP00000361405	0	0	0	0	0.055	0	0	0.626	0.631
FGFR1	SRC	9606.ENSP00000393312	9606.ENSP00000362680	0	0	0	0.697	0	0.357	0	0.523	0.680
FGFR1	IGF1	9606.ENSP00000393312	9606.ENSP00000376637	0	0	0	0	0.042	0	0.650	0.507	0.820
FGFR1	IDH1	9606.ENSP00000393312	9606.ENSP00000390265	0	0	0	0	0	0	0	0.611	0.611
FGFR1	RXRA	9606.ENSP00000393312	9606.ENSP00000419692	0	0	0	0	0	0.294	0	0.215	0.422
FGFR1	HIF1A	9606.ENSP00000393312	9606.ENSP00000437955	0	0	0	0	0.043	0	0	0.457	0.458
FGFR1	IGF1R	9606.ENSP00000393312	9606.ENSP00000497069	0	0	0	0.656	0.056	0.074	0	0.608	0.627
FGFR1	NOTCH1	9606.ENSP00000393312	9606.ENSP00000498587	0	0	0	0	0	0.045	0	0.736	0.737
FGFR1	PTPN11	9606.ENSP00000393312	9606.ENSP00000489597	0	0	0	0	0.060	0.190	0.400	0.602	0.794
FGFR1	FGFR2	9606.ENSP00000393312	9606.ENSP00000410294	0	0	0.053	0.972	0.049	0.624	0.400	0.391	0.853
FGFR1	HRAS	9606.ENSP00000393312	9606.ENSP00000407586	0	0	0	0	0	0.099	0.900	0.614	0.962
FGFR2	MAPK1	9606.ENSP00000410294	9606.ENSP00000215832	0	0	0	0.580	0	0	0.400	0.180	0.486
FGFR2	LGALS3	9606.ENSP00000410294	9606.ENSP00000254301	0	0	0	0	0.054	0.067	0	0.454	0.476
FGFR2	MDM2	9606.ENSP00000410294	9606.ENSP00000258149	0	0	0	0	0	0.045	0.650	0.634	0.867
FGFR2	KDR	9606.ENSP00000410294	9606.ENSP00000263923	0	0	0	0.746	0.066	0.091	0	0.471	0.511
FGFR2	STAT3	9606.ENSP00000410294	9606.ENSP00000264657	0	0	0	0	0.042	0.328	0	0.782	0.847
FGFR2	TERT	9606.ENSP00000410294	9606.ENSP00000309572	0	0	0	0	0	0	0	0.498	0.498
FGFR2	MET	9606.ENSP00000410294	9606.ENSP00000317272	0	0	0	0.626	0	0.092	0	0.493	0.519
FGFR2	SRC	9606.ENSP00000410294	9606.ENSP00000362680	0	0	0	0.700	0.042	0.328	0.900	0.431	0.958
FGFR2	IGF1	9606.ENSP00000410294	9606.ENSP00000376637	0	0	0	0	0.047	0	0.650	0.631	0.866
FGFR2	IDH1	9606.ENSP00000410294	9606.ENSP00000390265	0	0	0	0	0	0	0	0.762	0.762
FGFR2	HRAS	9606.ENSP00000410294	9606.ENSP00000407586	0	0	0	0	0	0.099	0.900	0.607	0.961
FGFR2	TGFBR1	9606.ENSP00000410294	9606.ENSP00000447297	0	0	0	0.570	0.058	0.074	0	0.464	0.491
FGFR2	IGF1R	9606.ENSP00000410294	9606.ENSP00000497069	0	0	0	0.656	0.049	0.074	0	0.511	0.532
FGFR2	NOTCH1	9606.ENSP00000410294	9606.ENSP00000498587	0	0	0	0	0	0.045	0	0.723	0.724
FGFR2	PTPN11	9606.ENSP00000410294	9606.ENSP00000489597	0	0	0	0	0.060	0.240	0.400	0.593	0.802
GSK3B	MAPK1	9606.ENSP00000324806	9606.ENSP00000215832	0	0	0	0.766	0.327	0.342	0	0.464	0.742
GSK3B	MMP2	9606.ENSP00000324806	9606.ENSP00000219070	0	0	0	0	0	0	0	0.571	0.571
GSK3B	MAPK14	9606.ENSP00000324806	9606.ENSP00000229795	0	0	0	0.739	0.113	0.110	0	0.564	0.626
GSK3B	MDM2	9606.ENSP00000324806	9606.ENSP00000258149	0	0	0	0	0.070	0.299	0	0.581	0.703
GSK3B	STAT3	9606.ENSP00000324806	9606.ENSP00000264657	0	0	0	0	0.056	0.096	0	0.789	0.804
GSK3B	PPARG	9606.ENSP00000324806	9606.ENSP00000287820	0	0	0	0	0	0.071	0	0.622	0.634
GSK3B	NOS3	9606.ENSP00000324806	9606.ENSP00000297494	0	0	0	0	0	0.065	0	0.478	0.491
GSK3B	MAP2K1	9606.ENSP00000324806	9606.ENSP00000302486	0	0	0	0.600	0.075	0.161	0.900	0.312	0.939
GSK3B	TERT	9606.ENSP00000324806	9606.ENSP00000309572	0	0	0	0	0	0.049	0	0.431	0.435
GSK3B	PRKACA	9606.ENSP00000324806	9606.ENSP00000309591	0	0	0	0.622	0.094	0.618	0.900	0.768	0.990
GSK3B	MET	9606.ENSP00000324806	9606.ENSP00000317272	0	0	0	0	0	0.188	0	0.475	0.555
GSK3B	NQO1	9606.ENSP00000324806	9606.ENSP00000319788	0	0	0	0	0.044	0	0	0.572	0.574
GSK3B	PCK1	9606.ENSP00000324806	9606.ENSP00000319814	0	0	0	0	0.074	0	0	0.573	0.588
GSK3B	TGFBR1	9606.ENSP00000324806	9606.ENSP00000447297	0	0	0	0	0.074	0	0	0.404	0.424
GSK3B	HRAS	9606.ENSP00000324806	9606.ENSP00000407586	0	0	0	0	0.074	0.110	0	0.388	0.451
GSK3B	PPARA	9606.ENSP00000324806	9606.ENSP00000385523	0	0	0	0	0	0.071	0	0.481	0.498
GSK3B	PTPN11	9606.ENSP00000324806	9606.ENSP00000489597	0	0	0	0	0.056	0.271	0	0.376	0.533
GSK3B	PTGS2	9606.ENSP00000324806	9606.ENSP00000356438	0	0	0	0	0	0	0	0.573	0.573
GSK3B	TLR4	9606.ENSP00000324806	9606.ENSP00000363089	0	0	0	0	0.042	0.141	0	0.527	0.577
GSK3B	KEAP1	9606.ENSP00000324806	9606.ENSP00000377245	0	0	0	0	0.055	0	0	0.577	0.583
GSK3B	MMP9	9606.ENSP00000324806	9606.ENSP00000361405	0	0	0	0	0	0	0	0.612	0.612
GSK3B	PARP1	9606.ENSP00000324806	9606.ENSP00000355759	0	0	0	0	0.049	0.163	0	0.588	0.643
GSK3B	IGF1R	9606.ENSP00000324806	9606.ENSP00000497069	0	0	0	0	0.095	0	0	0.621	0.643
GSK3B	HIF1A	9606.ENSP00000324806	9606.ENSP00000437955	0	0	0	0	0.044	0.071	0	0.640	0.653
GSK3B	IGF1	9606.ENSP00000324806	9606.ENSP00000376637	0	0	0	0	0	0.063	0	0.666	0.674
GSK3B	STAT1	9606.ENSP00000324806	9606.ENSP00000354394	0	0	0	0	0.047	0.096	0.500	0.413	0.713
GSK3B	NOTCH1	9606.ENSP00000324806	9606.ENSP00000498587	0	0	0	0	0.049	0.334	0	0.722	0.809
GSK3B	XIAP	9606.ENSP00000324806	9606.ENSP00000360242	0	0	0	0	0.074	0.536	0	0.650	0.836
GSK3B	SRC	9606.ENSP00000324806	9606.ENSP00000362680	0	0	0	0	0.044	0.070	0	0.863	0.867
GSTP1	MAPK1	9606.ENSP00000381607	9606.ENSP00000215832	0	0	0	0	0.049	0.292	0	0.196	0.411
GSTP1	MAPK14	9606.ENSP00000381607	9606.ENSP00000229795	0	0	0	0	0.047	0.292	0	0.473	0.613
GSTP1	KDR	9606.ENSP00000381607	9606.ENSP00000263923	0	0	0	0	0	0	0	0.502	0.502
GSTP1	STAT3	9606.ENSP00000381607	9606.ENSP00000264657	0	0	0	0	0.042	0	0	0.550	0.550
GSTP1	TYMS	9606.ENSP00000381607	9606.ENSP00000315644	0	0	0	0	0.042	0	0	0.477	0.477
GSTP1	NQO1	9606.ENSP00000381607	9606.ENSP00000319788	0	0	0	0	0.087	0	0	0.714	0.728
GSTP1	RARB	9606.ENSP00000381607	9606.ENSP00000332296	0	0	0	0	0	0.045	0	0.668	0.669
GSTP1	PTGS2	9606.ENSP00000381607	9606.ENSP00000356438	0	0	0	0	0.042	0	0	0.508	0.508
GSTP1	KEAP1	9606.ENSP00000381607	9606.ENSP00000377245	0	0	0	0	0.057	0	0	0.518	0.526
GSTP1	MAPK8	9606.ENSP00000381607	9606.ENSP00000378974	0	0	0	0	0.042	0.805	0	0.875	0.974
GSTP1	TGFBR1	9606.ENSP00000381607	9606.ENSP00000447297	0	0	0	0	0	0	0	0.420	0.420
GSTP1	HRAS	9606.ENSP00000381607	9606.ENSP00000407586	0	0	0	0	0.048	0.054	0	0.512	0.522
GSTP1	HIF1A	9606.ENSP00000381607	9606.ENSP00000437955	0	0	0	0	0.088	0	0	0.544	0.566
HIF1A	MAPK1	9606.ENSP00000437955	9606.ENSP00000215832	0	0	0	0	0.049	0.626	0.900	0.648	0.985
HIF1A	MMP2	9606.ENSP00000437955	9606.ENSP00000219070	0	0	0	0	0.104	0	0	0.712	0.731
HIF1A	MAPK14	9606.ENSP00000437955	9606.ENSP00000229795	0	0	0	0	0.042	0.045	0	0.691	0.693
HIF1A	MDM2	9606.ENSP00000437955	9606.ENSP00000258149	0	0	0	0	0.060	0.839	0	0.929	0.988
HIF1A	KDR	9606.ENSP00000437955	9606.ENSP00000263923	0	0	0	0	0.069	0	0	0.778	0.785
HIF1A	STAT3	9606.ENSP00000437955	9606.ENSP00000264657	0	0	0	0	0.115	0.738	0.750	0.923	0.994
HIF1A	PPARG	9606.ENSP00000437955	9606.ENSP00000287820	0	0	0	0	0.067	0.071	0	0.845	0.854
HIF1A	NOS3	9606.ENSP00000437955	9606.ENSP00000297494	0	0	0	0	0	0	0	0.624	0.624
HIF1A	MAP2K1	9606.ENSP00000437955	9606.ENSP00000302486	0	0	0	0	0.109	0	0	0.474	0.511
HIF1A	TERT	9606.ENSP00000437955	9606.ENSP00000309572	0	0	0	0	0.055	0	0	0.698	0.702
HIF1A	PRKACA	9606.ENSP00000437955	9606.ENSP00000309591	0	0	0	0	0	0.300	0	0.464	0.608
HIF1A	TYMS	9606.ENSP00000437955	9606.ENSP00000315644	0	0	0	0	0.056	0	0	0.580	0.586
HIF1A	MET	9606.ENSP00000437955	9606.ENSP00000317272	0	0	0	0	0.066	0.071	0	0.618	0.639
HIF1A	NQO1	9606.ENSP00000437955	9606.ENSP00000319788	0	0	0	0	0.042	0.312	0	0.794	0.852
HIF1A	MMP1	9606.ENSP00000437955	9606.ENSP00000322788	0	0	0	0	0.103	0	0	0.649	0.672
HIF1A	TGFBR2	9606.ENSP00000437955	9606.ENSP00000351905	0	0	0	0	0.056	0.071	0	0.575	0.595
HIF1A	STAT1	9606.ENSP00000437955	9606.ENSP00000354394	0	0	0	0	0.072	0.045	0	0.738	0.748
HIF1A	PARP1	9606.ENSP00000437955	9606.ENSP00000355759	0	0	0	0	0.057	0.292	0	0.596	0.707
HIF1A	PTGS2	9606.ENSP00000437955	9606.ENSP00000356438	0	0	0	0	0.201	0	0	0.797	0.831
HIF1A	XIAP	9606.ENSP00000437955	9606.ENSP00000360242	0	0	0	0	0.054	0	0	0.677	0.681
HIF1A	MMP9	9606.ENSP00000437955	9606.ENSP00000361405	0	0	0	0	0.088	0	0	0.815	0.824
HIF1A	PLAU	9606.ENSP00000437955	9606.ENSP00000361850	0	0	0	0	0.113	0	0	0.511	0.548
HIF1A	SRC	9606.ENSP00000437955	9606.ENSP00000362680	0	0	0	0	0	0.632	0	0.666	0.872
HIF1A	TLR4	9606.ENSP00000437955	9606.ENSP00000363089	0	0	0	0	0.131	0	0	0.621	0.657
HIF1A	IGF1	9606.ENSP00000437955	9606.ENSP00000376637	0	0	0	0	0.042	0	0	0.698	0.698
HIF1A	KEAP1	9606.ENSP00000437955	9606.ENSP00000377245	0	0	0	0	0.043	0.292	0	0.591	0.699
HIF1A	MAPK8	9606.ENSP00000437955	9606.ENSP00000378974	0	0	0	0	0	0	0	0.485	0.485
HIF1A	PPARA	9606.ENSP00000437955	9606.ENSP00000385523	0	0	0	0	0.067	0.071	0	0.746	0.761
HIF1A	IDH1	9606.ENSP00000437955	9606.ENSP00000390265	0	0	0	0	0.109	0	0	0.664	0.688
HIF1A	HRAS	9606.ENSP00000437955	9606.ENSP00000407586	0	0	0	0	0	0	0	0.446	0.446
HIF1A	NR1H4	9606.ENSP00000437955	9606.ENSP00000447149	0	0	0	0	0.081	0.071	0	0.382	0.426
HIF1A	TGFBR1	9606.ENSP00000437955	9606.ENSP00000447297	0	0	0	0	0.055	0.071	0	0.424	0.450
HIF1A	PTPN11	9606.ENSP00000437955	9606.ENSP00000489597	0	0	0	0	0.067	0	0	0.569	0.581
HIF1A	IGF1R	9606.ENSP00000437955	9606.ENSP00000497069	0	0	0	0	0.057	0.071	0	0.740	0.752
HIF1A	NOTCH1	9606.ENSP00000437955	9606.ENSP00000498587	0	0	0	0	0.042	0.292	0.900	0.917	0.993
HRAS	MAPK1	9606.ENSP00000407586	9606.ENSP00000215832	0	0	0	0	0.056	0.098	0.900	0.783	0.979
HRAS	MAPK14	9606.ENSP00000407586	9606.ENSP00000229795	0	0	0	0	0.056	0.098	0	0.651	0.677
HRAS	LGALS3	9606.ENSP00000407586	9606.ENSP00000254301	0	0	0	0	0	0.045	0	0.527	0.528
HRAS	MDM2	9606.ENSP00000407586	9606.ENSP00000258149	0	0	0	0	0.055	0.071	0	0.581	0.600
HRAS	KDR	9606.ENSP00000407586	9606.ENSP00000263923	0	0	0	0	0	0.092	0	0.518	0.543
HRAS	STAT3	9606.ENSP00000407586	9606.ENSP00000264657	0	0	0	0	0	0.063	0	0.494	0.505
HRAS	PPARG	9606.ENSP00000407586	9606.ENSP00000287820	0	0	0	0	0.062	0.073	0	0.609	0.630
HRAS	NOS3	9606.ENSP00000407586	9606.ENSP00000297494	0	0	0	0	0	0	0	0.510	0.510
HRAS	PLK1	9606.ENSP00000407586	9606.ENSP00000300093	0	0	0	0	0.062	0.218	0	0.312	0.451
HRAS	MAP2K1	9606.ENSP00000407586	9606.ENSP00000302486	0	0	0	0	0.062	0.382	0.900	0.832	0.989
HRAS	TERT	9606.ENSP00000407586	9606.ENSP00000309572	0	0	0	0	0.052	0	0	0.637	0.641
HRAS	PRKACA	9606.ENSP00000407586	9606.ENSP00000309591	0	0	0	0	0.076	0.129	0	0.352	0.433
HRAS	MET	9606.ENSP00000407586	9606.ENSP00000317272	0	0	0	0	0.074	0.368	0.900	0.414	0.961
HRAS	TGFBR2	9606.ENSP00000407586	9606.ENSP00000351905	0	0	0	0	0.074	0.110	0	0.376	0.441
HRAS	STAT1	9606.ENSP00000407586	9606.ENSP00000354394	0	0	0	0	0	0.063	0	0.525	0.536
HRAS	PARP1	9606.ENSP00000407586	9606.ENSP00000355759	0	0	0	0	0.055	0.045	0	0.395	0.406
HRAS	PTGS2	9606.ENSP00000407586	9606.ENSP00000356438	0	0	0	0	0.055	0.045	0	0.583	0.591
HRAS	MMP9	9606.ENSP00000407586	9606.ENSP00000361405	0	0	0	0	0	0	0	0.413	0.413
HRAS	PLAU	9606.ENSP00000407586	9606.ENSP00000361850	0	0	0	0	0	0.243	0	0.544	0.640
HRAS	SRC	9606.ENSP00000407586	9606.ENSP00000362680	0	0	0	0	0.102	0.496	0.900	0.891	0.994
HRAS	KEAP1	9606.ENSP00000407586	9606.ENSP00000377245	0	0	0	0	0.133	0.097	0	0.377	0.470
HRAS	MAPK8	9606.ENSP00000407586	9606.ENSP00000378974	0	0	0	0	0.103	0.522	0.900	0.694	0.985
HRAS	IDH1	9606.ENSP00000407586	9606.ENSP00000390265	0	0	0	0	0	0	0	0.599	0.599
HRAS	NOTCH1	9606.ENSP00000407586	9606.ENSP00000498587	0	0	0	0	0	0.522	0	0.626	0.814
HRAS	PTPN11	9606.ENSP00000407586	9606.ENSP00000489597	0	0	0	0	0.067	0.153	0.500	0.836	0.926
HRAS	IGF1R	9606.ENSP00000407586	9606.ENSP00000497069	0	0	0	0	0.074	0.110	0.900	0.463	0.949
IDH1	MDM2	9606.ENSP00000390265	9606.ENSP00000258149	0.056	0	0	0	0.086	0	0	0.562	0.589
IDH1	KDR	9606.ENSP00000390265	9606.ENSP00000263923	0	0	0	0	0	0	0	0.460	0.460
IDH1	STAT3	9606.ENSP00000390265	9606.ENSP00000264657	0	0	0	0	0.059	0	0	0.476	0.486
IDH1	MAP2K1	9606.ENSP00000390265	9606.ENSP00000302486	0	0	0	0	0.061	0	0	0.440	0.451
IDH1	TERT	9606.ENSP00000390265	9606.ENSP00000309572	0	0	0	0	0	0	0	0.781	0.781
IDH1	PCK1	9606.ENSP00000390265	9606.ENSP00000319814	0	0	0	0	0.049	0	0	0.434	0.439
IDH1	PARP1	9606.ENSP00000390265	9606.ENSP00000355759	0	0	0	0	0.058	0	0	0.445	0.454
IDH1	SRC	9606.ENSP00000390265	9606.ENSP00000362680	0	0	0	0	0	0	0	0.460	0.460
IDH1	KEAP1	9606.ENSP00000390265	9606.ENSP00000377245	0	0	0	0	0.056	0	0	0.615	0.621
IDH1	NOTCH1	9606.ENSP00000390265	9606.ENSP00000498587	0	0	0	0	0.042	0	0	0.583	0.584
IDH1	PTPN11	9606.ENSP00000390265	9606.ENSP00000489597	0	0	0	0	0.042	0	0	0.647	0.647
IGF1	MAPK1	9606.ENSP00000376637	9606.ENSP00000215832	0	0	0	0	0	0	0	0.621	0.621
IGF1	MMP2	9606.ENSP00000376637	9606.ENSP00000219070	0	0	0	0	0.082	0	0.400	0.682	0.809
IGF1	MAPK14	9606.ENSP00000376637	9606.ENSP00000229795	0	0	0	0	0	0	0	0.640	0.640
IGF1	MDM2	9606.ENSP00000376637	9606.ENSP00000258149	0	0	0	0	0	0	0	0.476	0.476
IGF1	KDR	9606.ENSP00000376637	9606.ENSP00000263923	0	0	0	0	0.074	0	0.650	0.758	0.914
IGF1	STAT3	9606.ENSP00000376637	9606.ENSP00000264657	0	0	0	0	0.042	0	0	0.845	0.845
IGF1	PPARG	9606.ENSP00000376637	9606.ENSP00000287820	0	0	0	0	0.044	0	0	0.828	0.828
IGF1	NOS3	9606.ENSP00000376637	9606.ENSP00000297494	0	0	0	0	0	0	0	0.526	0.526
IGF1	MAP2K1	9606.ENSP00000376637	9606.ENSP00000302486	0	0	0	0	0	0	0	0.677	0.677
IGF1	TERT	9606.ENSP00000376637	9606.ENSP00000309572	0	0	0	0	0	0	0	0.400	0.400
IGF1	PRKACA	9606.ENSP00000376637	9606.ENSP00000309591	0	0	0	0	0	0	0	0.549	0.549
IGF1	MET	9606.ENSP00000376637	9606.ENSP00000317272	0	0	0	0	0	0.063	0.650	0.744	0.908
IGF1	MMP1	9606.ENSP00000376637	9606.ENSP00000322788	0	0	0	0	0	0	0.400	0.471	0.669
IGF1	TGFBR2	9606.ENSP00000376637	9606.ENSP00000351905	0	0	0	0	0.050	0.063	0	0.473	0.490
IGF1	STAT1	9606.ENSP00000376637	9606.ENSP00000354394	0	0	0	0	0	0	0	0.447	0.447
IGF1	PARP1	9606.ENSP00000376637	9606.ENSP00000355759	0	0	0	0	0	0	0	0.435	0.435
IGF1	PTGS2	9606.ENSP00000376637	9606.ENSP00000356438	0	0	0	0	0	0	0	0.604	0.604
IGF1	MMP9	9606.ENSP00000376637	9606.ENSP00000361405	0	0	0	0	0.049	0	0	0.765	0.767
IGF1	PLAU	9606.ENSP00000376637	9606.ENSP00000361850	0	0	0	0	0	0	0	0.521	0.521
IGF1	SRC	9606.ENSP00000376637	9606.ENSP00000362680	0	0	0	0	0	0.063	0	0.847	0.850
IGF1	TLR4	9606.ENSP00000376637	9606.ENSP00000363089	0	0	0	0	0.059	0.139	0	0.526	0.583
IGF1	TGFBR1	9606.ENSP00000376637	9606.ENSP00000447297	0	0	0	0	0	0.063	0	0.447	0.459
IGF1	MAPK8	9606.ENSP00000376637	9606.ENSP00000378974	0	0	0	0	0.042	0	0	0.479	0.479
IGF1	NOTCH1	9606.ENSP00000376637	9606.ENSP00000498587	0	0	0	0	0	0	0	0.480	0.480
IGF1	SERPINA1	9606.ENSP00000376637	9606.ENSP00000416066	0	0	0	0	0.043	0	0	0.533	0.534
IGF1	NR1H4	9606.ENSP00000376637	9606.ENSP00000447149	0	0	0	0	0	0	0	0.538	0.538
IGF1	PPARA	9606.ENSP00000376637	9606.ENSP00000385523	0	0	0	0	0.058	0	0	0.542	0.550
IGF1	PTPN11	9606.ENSP00000376637	9606.ENSP00000489597	0	0	0	0	0	0	0	0.638	0.638
IGF1	IGF1R	9606.ENSP00000376637	9606.ENSP00000497069	0	0	0	0	0	0.983	0.900	0.999	0.999
IGF1R	MMP2	9606.ENSP00000497069	9606.ENSP00000219070	0	0	0	0	0.055	0	0	0.684	0.689
IGF1R	MAPK14	9606.ENSP00000497069	9606.ENSP00000229795	0	0	0	0	0.049	0.110	0	0.372	0.422
IGF1R	MDM2	9606.ENSP00000497069	9606.ENSP00000258149	0	0	0	0	0.056	0.803	0.650	0.753	0.981
IGF1R	KDR	9606.ENSP00000497069	9606.ENSP00000263923	0	0	0	0.574	0	0.074	0	0.537	0.552
IGF1R	STAT3	9606.ENSP00000497069	9606.ENSP00000264657	0	0	0	0	0.064	0.620	0	0.797	0.921
IGF1R	PPARG	9606.ENSP00000497069	9606.ENSP00000287820	0	0	0	0	0.070	0.071	0	0.625	0.648
IGF1R	MAP2K1	9606.ENSP00000497069	9606.ENSP00000302486	0	0	0	0.575	0	0.249	0	0.585	0.675
IGF1R	PRKACA	9606.ENSP00000497069	9606.ENSP00000309591	0	0	0	0.578	0.055	0.088	0.900	0.191	0.921
IGF1R	MET	9606.ENSP00000497069	9606.ENSP00000317272	0	0	0	0.581	0.042	0.192	0	0.560	0.629
IGF1R	STAT1	9606.ENSP00000497069	9606.ENSP00000354394	0	0	0	0	0	0.096	0	0.364	0.400
IGF1R	PARP1	9606.ENSP00000497069	9606.ENSP00000355759	0	0	0	0	0	0	0	0.560	0.560
IGF1R	PTGS2	9606.ENSP00000497069	9606.ENSP00000356438	0	0	0	0	0.044	0	0	0.431	0.433
IGF1R	XIAP	9606.ENSP00000497069	9606.ENSP00000360242	0	0	0	0	0.049	0.092	0	0.461	0.494
IGF1R	MMP9	9606.ENSP00000497069	9606.ENSP00000361405	0	0	0	0	0.043	0	0	0.687	0.688
IGF1R	SRC	9606.ENSP00000497069	9606.ENSP00000362680	0	0	0	0.704	0.048	0.294	0.900	0.959	0.996
IGF1R	MAPK8	9606.ENSP00000497069	9606.ENSP00000378974	0	0	0	0	0.049	0.088	0	0.412	0.446
IGF1R	PTPN11	9606.ENSP00000497069	9606.ENSP00000489597	0	0	0	0	0.064	0.697	0	0.791	0.935
IGF1R	NOTCH1	9606.ENSP00000497069	9606.ENSP00000498587	0	0	0	0	0.042	0.098	0	0.665	0.685
KDR	MAPK1	9606.ENSP00000263923	9606.ENSP00000215832	0	0	0	0.601	0	0.295	0	0.189	0.404
KDR	MMP2	9606.ENSP00000263923	9606.ENSP00000219070	0	0	0	0	0.086	0	0	0.610	0.628
KDR	MAPK14	9606.ENSP00000263923	9606.ENSP00000229795	0	0	0	0.581	0.063	0	0.500	0.254	0.620
KDR	LGALS3	9606.ENSP00000263923	9606.ENSP00000254301	0	0	0	0	0.074	0.067	0	0.906	0.911
KDR	MDM2	9606.ENSP00000263923	9606.ENSP00000258149	0	0	0	0	0	0.045	0	0.431	0.433
KDR	MMP1	9606.ENSP00000263923	9606.ENSP00000322788	0	0	0	0	0.049	0	0	0.426	0.431
KDR	PARP1	9606.ENSP00000263923	9606.ENSP00000355759	0	0	0	0	0	0	0	0.435	0.435
KDR	TLR4	9606.ENSP00000263923	9606.ENSP00000363089	0	0	0	0	0.088	0.064	0	0.396	0.439
KDR	PRKACA	9606.ENSP00000263923	9606.ENSP00000309591	0	0	0	0.580	0	0	0.400	0.154	0.470
KDR	TERT	9606.ENSP00000263923	9606.ENSP00000309572	0	0	0	0	0	0	0	0.475	0.475
KDR	TGFBR1	9606.ENSP00000263923	9606.ENSP00000447297	0	0	0	0	0	0.092	0	0.447	0.476
KDR	PLAU	9606.ENSP00000263923	9606.ENSP00000361850	0	0	0	0	0.101	0	0	0.451	0.485
KDR	PTGS2	9606.ENSP00000263923	9606.ENSP00000356438	0	0	0	0	0.079	0	0	0.491	0.511
KDR	TGFBR2	9606.ENSP00000263923	9606.ENSP00000351905	0	0	0	0.555	0.075	0.074	0	0.484	0.519
KDR	MAP2K1	9606.ENSP00000263923	9606.ENSP00000302486	0	0	0	0.576	0.074	0.084	0	0.510	0.548
KDR	NOTCH1	9606.ENSP00000263923	9606.ENSP00000498587	0	0	0	0	0	0	0	0.601	0.601
KDR	PPARG	9606.ENSP00000263923	9606.ENSP00000287820	0	0	0	0	0	0.045	0	0.642	0.644
KDR	STAT3	9606.ENSP00000263923	9606.ENSP00000264657	0	0	0	0	0.058	0.089	0	0.630	0.655
KDR	NOS3	9606.ENSP00000263923	9606.ENSP00000297494	0	0	0	0	0.102	0	0	0.697	0.716
KDR	MMP9	9606.ENSP00000263923	9606.ENSP00000361405	0	0	0	0	0.057	0	0	0.807	0.811
KDR	MET	9606.ENSP00000263923	9606.ENSP00000317272	0	0	0	0.568	0	0.345	0	0.782	0.851
KDR	PTPN11	9606.ENSP00000263923	9606.ENSP00000489597	0	0	0	0	0.060	0.402	0	0.867	0.919
KDR	SRC	9606.ENSP00000263923	9606.ENSP00000362680	0	0	0	0.647	0.059	0.796	0.900	0.938	0.998
KEAP1	MDM2	9606.ENSP00000377245	9606.ENSP00000258149	0	0	0	0	0.055	0	0	0.624	0.629
KEAP1	STAT3	9606.ENSP00000377245	9606.ENSP00000264657	0	0	0	0	0.079	0	0	0.645	0.659
KEAP1	PPARG	9606.ENSP00000377245	9606.ENSP00000287820	0	0	0	0	0.054	0	0	0.560	0.566
KEAP1	NOS3	9606.ENSP00000377245	9606.ENSP00000297494	0	0	0	0	0	0.292	0	0.431	0.579
KEAP1	NQO1	9606.ENSP00000377245	9606.ENSP00000319788	0	0	0	0	0.044	0	0	0.953	0.953
KEAP1	PARP1	9606.ENSP00000377245	9606.ENSP00000355759	0	0	0	0	0.100	0	0	0.447	0.481
KEAP1	PTGS2	9606.ENSP00000377245	9606.ENSP00000356438	0	0	0	0	0	0	0	0.539	0.539
KEAP1	XIAP	9606.ENSP00000377245	9606.ENSP00000360242	0	0	0	0	0.054	0.049	0	0.459	0.471
KEAP1	MMP9	9606.ENSP00000377245	9606.ENSP00000361405	0	0	0	0	0	0	0	0.405	0.405
KEAP1	SRC	9606.ENSP00000377245	9606.ENSP00000362680	0	0	0	0	0.049	0	0	0.401	0.406
KEAP1	TLR4	9606.ENSP00000377245	9606.ENSP00000363089	0	0	0	0	0.058	0	0	0.505	0.514
KEAP1	MAPK8	9606.ENSP00000377245	9606.ENSP00000378974	0	0	0	0	0.095	0	0	0.400	0.434
KEAP1	NOTCH1	9606.ENSP00000377245	9606.ENSP00000498587	0	0	0	0	0.082	0	0	0.417	0.441
KEAP1	PPARA	9606.ENSP00000377245	9606.ENSP00000385523	0	0	0	0	0.059	0	0	0.455	0.466
KEAP1	TGFBR1	9606.ENSP00000377245	9606.ENSP00000447297	0	0	0	0	0.080	0	0.400	0.126	0.475
LGALS3	MMP2	9606.ENSP00000254301	9606.ENSP00000219070	0	0	0	0	0.077	0	0	0.683	0.695
LGALS3	PTGS2	9606.ENSP00000254301	9606.ENSP00000356438	0	0	0	0	0.133	0	0	0.355	0.417
LGALS3	PARP1	9606.ENSP00000254301	9606.ENSP00000355759	0	0	0	0	0	0.292	0	0.220	0.424
LGALS3	STAT3	9606.ENSP00000254301	9606.ENSP00000264657	0	0	0	0	0.055	0	0	0.440	0.449
LGALS3	MET	9606.ENSP00000254301	9606.ENSP00000317272	0	0	0	0	0.073	0	0	0.523	0.538
LGALS3	TGFBR2	9606.ENSP00000254301	9606.ENSP00000351905	0	0	0	0	0.146	0	0	0.512	0.565
LGALS3	MMP1	9606.ENSP00000254301	9606.ENSP00000322788	0	0	0	0	0.099	0	0	0.587	0.612
LGALS3	SRC	9606.ENSP00000254301	9606.ENSP00000362680	0	0	0	0	0.103	0	0	0.610	0.635
LGALS3	PPARG	9606.ENSP00000254301	9606.ENSP00000287820	0	0	0	0	0.100	0.047	0	0.655	0.678
LGALS3	MMP9	9606.ENSP00000254301	9606.ENSP00000361405	0	0	0	0	0.115	0	0	0.809	0.824
LGALS3	TLR4	9606.ENSP00000254301	9606.ENSP00000363089	0	0	0	0	0.121	0	0	0.932	0.938
MAP2K1	MAPK1	9606.ENSP00000302486	9606.ENSP00000215832	0	0	0	0.595	0.152	0.929	0.900	0.950	0.999
MAP2K1	MMP2	9606.ENSP00000302486	9606.ENSP00000219070	0	0	0	0	0.086	0	0	0.423	0.450
MAP2K1	MAPK14	9606.ENSP00000302486	9606.ENSP00000229795	0	0	0	0.629	0.094	0.322	0.900	0.579	0.970
MAP2K1	MDM2	9606.ENSP00000302486	9606.ENSP00000258149	0	0	0	0	0	0	0	0.613	0.613
MAP2K1	STAT3	9606.ENSP00000302486	9606.ENSP00000264657	0	0	0	0	0.105	0	0	0.645	0.669
MAP2K1	PPARG	9606.ENSP00000302486	9606.ENSP00000287820	0	0	0	0	0.051	0.518	0	0.625	0.813
MAP2K1	TERT	9606.ENSP00000302486	9606.ENSP00000309572	0	0	0	0	0	0	0	0.416	0.416
MAP2K1	PTGS2	9606.ENSP00000302486	9606.ENSP00000356438	0	0	0	0	0.048	0	0	0.447	0.451
MAP2K1	PPARA	9606.ENSP00000302486	9606.ENSP00000385523	0	0	0	0	0.051	0.057	0	0.438	0.453
MAP2K1	TLR4	9606.ENSP00000302486	9606.ENSP00000363089	0	0	0	0	0.090	0.045	0	0.436	0.467
MAP2K1	STAT1	9606.ENSP00000302486	9606.ENSP00000354394	0	0	0	0	0.089	0	0	0.449	0.477
MAP2K1	PLAU	9606.ENSP00000302486	9606.ENSP00000361850	0	0	0	0	0.092	0.249	0	0.325	0.500
MAP2K1	NOTCH1	9606.ENSP00000302486	9606.ENSP00000498587	0	0	0	0	0.044	0.051	0	0.502	0.509
MAP2K1	MMP9	9606.ENSP00000302486	9606.ENSP00000361405	0	0	0	0	0.087	0	0	0.519	0.542
MAP2K1	PARP1	9606.ENSP00000302486	9606.ENSP00000355759	0	0	0	0	0.054	0	0	0.541	0.547
MAP2K1	SRC	9606.ENSP00000302486	9606.ENSP00000362680	0	0	0	0.590	0.048	0.234	0.400	0.585	0.794
MAP2K1	PTPN11	9606.ENSP00000302486	9606.ENSP00000489597	0	0	0	0	0.074	0.321	0.400	0.832	0.928
MAP2K1	PRKACA	9606.ENSP00000302486	9606.ENSP00000309591	0	0	0.096	0.655	0.060	0.091	0.900	0.232	0.929
MAP2K1	MAPK8	9606.ENSP00000302486	9606.ENSP00000378974	0	0	0	0.591	0.067	0	0.900	0.353	0.934
MAPK1	MMP2	9606.ENSP00000215832	9606.ENSP00000219070	0	0	0	0	0.047	0	0	0.404	0.408
MAPK1	RXRA	9606.ENSP00000215832	9606.ENSP00000419692	0	0	0	0	0.047	0.292	0	0.242	0.444
MAPK1	NOTCH1	9606.ENSP00000215832	9606.ENSP00000498587	0	0	0	0	0.087	0.311	0	0.384	0.579
MAPK1	TLR4	9606.ENSP00000215832	9606.ENSP00000363089	0	0	0	0	0.122	0.041	0	0.570	0.606
MAPK1	PARP1	9606.ENSP00000215832	9606.ENSP00000355759	0	0	0	0	0.095	0.292	0	0.438	0.609
MAPK1	MDM2	9606.ENSP00000215832	9606.ENSP00000258149	0	0	0	0	0.049	0.050	0	0.629	0.635
MAPK1	MMP9	9606.ENSP00000215832	9606.ENSP00000361405	0	0	0	0	0.104	0	0	0.661	0.684
MAPK1	PPARG	9606.ENSP00000215832	9606.ENSP00000287820	0	0	0	0	0	0.510	0	0.483	0.736
MAPK1	MAPK8	9606.ENSP00000215832	9606.ENSP00000378974	0	0	0.066	0.882	0.079	0	0.400	0.568	0.747
MAPK1	PTGS2	9606.ENSP00000215832	9606.ENSP00000356438	0	0	0	0	0.106	0.052	0	0.762	0.780
MAPK1	PRKACA	9606.ENSP00000215832	9606.ENSP00000309591	0	0	0	0.610	0.083	0.098	0.900	0.249	0.929
MAPK1	SRC	9606.ENSP00000215832	9606.ENSP00000362680	0	0	0	0.623	0.065	0.342	0.500	0.805	0.932
MAPK1	STAT1	9606.ENSP00000215832	9606.ENSP00000354394	0	0	0	0	0.090	0.091	0.900	0.471	0.950
MAPK1	PTPN11	9606.ENSP00000215832	9606.ENSP00000489597	0	0	0	0	0.079	0.145	0.900	0.500	0.955
MAPK1	MAPK14	9606.ENSP00000215832	9606.ENSP00000229795	0	0	0.067	0.924	0.342	0.816	0.900	0.677	0.995
MAPK1	STAT3	9606.ENSP00000215832	9606.ENSP00000264657	0	0	0	0	0.060	0.926	0	0.950	0.996
MAPK14	PARP1	9606.ENSP00000229795	9606.ENSP00000355759	0	0	0	0	0.062	0	0	0.409	0.422
MAPK14	PPARG	9606.ENSP00000229795	9606.ENSP00000287820	0	0	0	0	0.042	0	0	0.484	0.484
MAPK14	PTPN11	9606.ENSP00000229795	9606.ENSP00000489597	0	0	0	0	0.052	0.284	0	0.306	0.489
MAPK14	TGFBR2	9606.ENSP00000229795	9606.ENSP00000351905	0	0	0	0.571	0.122	0.110	0	0.417	0.505
MAPK14	MMP9	9606.ENSP00000229795	9606.ENSP00000361405	0	0	0	0	0.105	0	0	0.498	0.532
MAPK14	NOTCH1	9606.ENSP00000229795	9606.ENSP00000498587	0	0	0	0	0.111	0.068	0	0.495	0.545
MAPK14	STAT3	9606.ENSP00000229795	9606.ENSP00000264657	0	0	0	0	0.125	0	0	0.691	0.718
MAPK14	TGFBR1	9606.ENSP00000229795	9606.ENSP00000447297	0	0	0	0	0.122	0.342	0	0.619	0.761
MAPK14	TLR4	9606.ENSP00000229795	9606.ENSP00000363089	0	0	0	0	0.167	0.041	0	0.726	0.762
MAPK14	PTGS2	9606.ENSP00000229795	9606.ENSP00000356438	0	0	0	0	0.109	0.045	0	0.756	0.774
MAPK14	STAT1	9606.ENSP00000229795	9606.ENSP00000354394	0	0	0	0	0.100	0	0	0.768	0.783
MAPK14	SRC	9606.ENSP00000229795	9606.ENSP00000362680	0	0	0	0.625	0.087	0.110	0.500	0.605	0.818
MAPK14	MAPK8	9606.ENSP00000229795	9606.ENSP00000378974	0	0	0.061	0.922	0.110	0.292	0.900	0.366	0.955
MAPK8	MMP2	9606.ENSP00000378974	9606.ENSP00000219070	0	0	0	0	0	0	0	0.512	0.512
MAPK8	MDM2	9606.ENSP00000378974	9606.ENSP00000258149	0	0	0	0	0.070	0	0	0.392	0.410
MAPK8	STAT3	9606.ENSP00000378974	9606.ENSP00000264657	0	0	0	0	0.044	0.625	0	0.745	0.900
MAPK8	PPARG	9606.ENSP00000378974	9606.ENSP00000287820	0	0	0	0	0	0	0	0.505	0.505
MAPK8	NOS3	9606.ENSP00000378974	9606.ENSP00000297494	0	0	0	0	0	0	0	0.412	0.412
MAPK8	STAT1	9606.ENSP00000378974	9606.ENSP00000354394	0	0	0	0	0.047	0	0	0.493	0.496
MAPK8	PARP1	9606.ENSP00000378974	9606.ENSP00000355759	0	0	0	0	0.044	0	0	0.527	0.528
MAPK8	PTGS2	9606.ENSP00000378974	9606.ENSP00000356438	0	0	0	0	0.086	0	0	0.583	0.602
MAPK8	XIAP	9606.ENSP00000378974	9606.ENSP00000360242	0	0	0	0	0.060	0	0	0.473	0.483
MAPK8	MMP9	9606.ENSP00000378974	9606.ENSP00000361405	0	0	0	0	0	0	0	0.735	0.735
MAPK8	SRC	9606.ENSP00000378974	9606.ENSP00000362680	0	0	0	0.576	0.054	0.094	0.900	0.578	0.959
MAPK8	TLR4	9606.ENSP00000378974	9606.ENSP00000363089	0	0	0	0	0	0.091	0	0.594	0.615
MAPK8	PPARA	9606.ENSP00000378974	9606.ENSP00000385523	0	0	0	0	0.045	0	0	0.418	0.420
MAPK8	TGFBR1	9606.ENSP00000378974	9606.ENSP00000447297	0	0	0	0	0.092	0.088	0	0.370	0.433
MDM2	MMP2	9606.ENSP00000258149	9606.ENSP00000219070	0	0	0	0	0	0	0	0.400	0.400
MDM2	PTGS2	9606.ENSP00000258149	9606.ENSP00000356438	0	0	0	0	0.051	0.095	0	0.399	0.439
MDM2	MET	9606.ENSP00000258149	9606.ENSP00000317272	0	0	0	0	0	0.050	0	0.455	0.460
MDM2	STAT1	9606.ENSP00000258149	9606.ENSP00000354394	0	0	0	0	0.060	0	0	0.614	0.622
MDM2	MMP9	9606.ENSP00000258149	9606.ENSP00000361405	0	0	0	0	0	0	0	0.628	0.628
MDM2	PARP1	9606.ENSP00000258149	9606.ENSP00000355759	0	0	0	0	0.065	0	0	0.659	0.667
MDM2	PPARG	9606.ENSP00000258149	9606.ENSP00000287820	0	0	0	0	0	0.516	0	0.370	0.682
MDM2	STAT3	9606.ENSP00000258149	9606.ENSP00000264657	0	0	0	0	0.085	0.292	0	0.595	0.715
MDM2	PLK1	9606.ENSP00000258149	9606.ENSP00000300093	0	0	0	0	0	0.292	0	0.692	0.772
MDM2	TERT	9606.ENSP00000258149	9606.ENSP00000309572	0	0	0	0	0	0.510	0	0.603	0.797
MDM2	NOTCH1	9606.ENSP00000258149	9606.ENSP00000498587	0	0	0	0	0.047	0.517	0	0.687	0.843
MDM2	SRC	9606.ENSP00000258149	9606.ENSP00000362680	0	0	0	0	0	0.298	0.500	0.690	0.882
MDM2	XIAP	9606.ENSP00000258149	9606.ENSP00000360242	0	0	0	0	0.264	0.596	0	0.782	0.929
MET	MMP2	9606.ENSP00000317272	9606.ENSP00000219070	0	0	0	0	0.069	0	0	0.694	0.703
MET	STAT3	9606.ENSP00000317272	9606.ENSP00000264657	0	0	0	0	0.063	0.332	0.500	0.948	0.981
MET	TERT	9606.ENSP00000317272	9606.ENSP00000309572	0	0	0	0	0	0.198	0	0.450	0.541
MET	PTGS2	9606.ENSP00000317272	9606.ENSP00000356438	0	0	0	0	0.056	0	0	0.413	0.422
MET	NOTCH1	9606.ENSP00000317272	9606.ENSP00000498587	0	0	0	0	0	0.099	0	0.493	0.523
MET	PARP1	9606.ENSP00000317272	9606.ENSP00000355759	0	0	0	0	0.067	0	0	0.692	0.701
MET	MMP9	9606.ENSP00000317272	9606.ENSP00000361405	0	0	0	0	0.049	0	0	0.744	0.746
MET	PLAU	9606.ENSP00000317272	9606.ENSP00000361850	0	0	0	0	0.086	0.181	0	0.712	0.765
MET	PTPN11	9606.ENSP00000317272	9606.ENSP00000489597	0	0	0	0	0.049	0.407	0.400	0.810	0.927
MET	SRC	9606.ENSP00000317272	9606.ENSP00000362680	0	0	0	0.678	0.067	0.682	0.900	0.800	0.993
MMP1	MMP2	9606.ENSP00000322788	9606.ENSP00000219070	0	0	0	0.864	0.181	0	0.900	0.215	0.930
MMP1	STAT3	9606.ENSP00000322788	9606.ENSP00000264657	0	0	0	0	0.055	0.226	0.500	0.686	0.869
MMP1	TYMS	9606.ENSP00000322788	9606.ENSP00000315644	0	0	0	0	0.082	0	0	0.394	0.420
MMP1	SRC	9606.ENSP00000322788	9606.ENSP00000362680	0	0	0	0	0.059	0	0	0.395	0.406
MMP1	TLR4	9606.ENSP00000322788	9606.ENSP00000363089	0	0	0	0	0.042	0	0	0.446	0.446
MMP1	PTGS2	9606.ENSP00000322788	9606.ENSP00000356438	0	0	0	0	0.143	0	0	0.728	0.757
MMP1	PLAU	9606.ENSP00000322788	9606.ENSP00000361850	0	0	0	0	0.201	0	0	0.822	0.852
MMP1	MMP9	9606.ENSP00000322788	9606.ENSP00000361405	0	0	0	0.743	0.154	0	0.900	0.725	0.974
MMP2	STAT1	9606.ENSP00000219070	9606.ENSP00000354394	0	0	0	0	0.085	0	0	0.384	0.412
MMP2	XIAP	9606.ENSP00000219070	9606.ENSP00000360242	0	0	0	0	0	0	0	0.413	0.413
MMP2	PARP1	9606.ENSP00000219070	9606.ENSP00000355759	0	0	0	0	0	0	0	0.479	0.479
MMP2	TGFBR1	9606.ENSP00000219070	9606.ENSP00000447297	0	0	0	0	0.058	0	0	0.475	0.484
MMP2	TGFBR2	9606.ENSP00000219070	9606.ENSP00000351905	0	0	0	0	0.091	0	0	0.475	0.502
MMP2	PPARG	9606.ENSP00000219070	9606.ENSP00000287820	0	0	0	0	0	0	0	0.511	0.511
MMP2	PPARA	9606.ENSP00000219070	9606.ENSP00000385523	0	0	0	0	0	0	0	0.531	0.531
MMP2	NOS3	9606.ENSP00000219070	9606.ENSP00000297494	0	0	0	0	0.049	0	0	0.528	0.531
MMP2	NOTCH1	9606.ENSP00000219070	9606.ENSP00000498587	0	0	0	0	0	0	0	0.678	0.678
MMP2	TLR4	9606.ENSP00000219070	9606.ENSP00000363089	0	0	0	0	0.047	0	0	0.677	0.679
MMP2	PLAU	9606.ENSP00000219070	9606.ENSP00000361850	0	0	0	0	0.142	0	0	0.726	0.755
MMP2	PTGS2	9606.ENSP00000219070	9606.ENSP00000356438	0	0	0	0	0.079	0	0	0.755	0.764
MMP2	STAT3	9606.ENSP00000219070	9606.ENSP00000264657	0	0	0	0	0.074	0.226	0.500	0.793	0.916
MMP2	MMP9	9606.ENSP00000219070	9606.ENSP00000361405	0	0	0.061	0.927	0.128	0	0.900	0.116	0.918
MMP2	SRC	9606.ENSP00000219070	9606.ENSP00000362680	0	0	0	0	0.042	0	0.900	0.740	0.972
MMP9	STAT3	9606.ENSP00000361405	9606.ENSP00000264657	0	0	0	0	0.061	0	0.500	0.786	0.890
MMP9	PPARG	9606.ENSP00000361405	9606.ENSP00000287820	0	0	0	0	0	0	0	0.765	0.765
MMP9	NOS3	9606.ENSP00000361405	9606.ENSP00000297494	0	0	0	0	0.049	0	0	0.728	0.730
MMP9	TERT	9606.ENSP00000361405	9606.ENSP00000309572	0	0	0	0	0	0	0	0.410	0.410
MMP9	PRKACA	9606.ENSP00000361405	9606.ENSP00000309591	0	0	0	0	0	0	0	0.421	0.421
MMP9	NQO1	9606.ENSP00000361405	9606.ENSP00000319788	0	0	0	0	0	0	0	0.426	0.426
MMP9	RARB	9606.ENSP00000361405	9606.ENSP00000332296	0	0	0	0	0	0	0	0.506	0.506
MMP9	TGFBR2	9606.ENSP00000361405	9606.ENSP00000351905	0	0	0	0	0.118	0	0	0.560	0.596
MMP9	STAT1	9606.ENSP00000361405	9606.ENSP00000354394	0	0	0	0	0.106	0	0	0.707	0.727
MMP9	PARP1	9606.ENSP00000361405	9606.ENSP00000355759	0	0	0	0	0	0	0	0.553	0.553
MMP9	PTGS2	9606.ENSP00000361405	9606.ENSP00000356438	0	0	0	0	0.176	0	0	0.785	0.815
MMP9	XIAP	9606.ENSP00000361405	9606.ENSP00000360242	0	0	0	0	0	0	0	0.544	0.544
MMP9	TYMP	9606.ENSP00000361405	9606.ENSP00000379038	0	0	0	0	0.136	0	0	0.370	0.432
MMP9	PPARA	9606.ENSP00000361405	9606.ENSP00000385523	0	0	0	0	0	0	0	0.470	0.470
MMP9	TGFBR1	9606.ENSP00000361405	9606.ENSP00000447297	0	0	0	0	0.105	0	0	0.510	0.542
MMP9	SERPINA1	9606.ENSP00000361405	9606.ENSP00000416066	0	0	0	0	0.114	0	0	0.524	0.561
MMP9	NOTCH1	9606.ENSP00000361405	9606.ENSP00000498587	0	0	0	0	0.127	0	0	0.567	0.606
MMP9	PLAU	9606.ENSP00000361405	9606.ENSP00000361850	0	0	0	0	0.151	0	0	0.855	0.871
MMP9	TLR4	9606.ENSP00000361405	9606.ENSP00000363089	0	0	0	0	0.180	0	0	0.923	0.934
MMP9	SRC	9606.ENSP00000361405	9606.ENSP00000362680	0	0	0	0	0.075	0	0.900	0.706	0.970
NOS3	STAT3	9606.ENSP00000297494	9606.ENSP00000264657	0	0	0	0	0	0	0	0.489	0.489
NOS3	PPARG	9606.ENSP00000297494	9606.ENSP00000287820	0	0	0	0	0.104	0.049	0	0.598	0.627
NOS3	TLR4	9606.ENSP00000297494	9606.ENSP00000363089	0	0	0	0	0	0	0	0.522	0.522
NOS3	PPARA	9606.ENSP00000297494	9606.ENSP00000385523	0	0	0	0	0.068	0.049	0	0.512	0.529
NOS3	SRC	9606.ENSP00000297494	9606.ENSP00000362680	0	0	0	0	0.048	0.045	0	0.581	0.586
NOS3	PRKACA	9606.ENSP00000297494	9606.ENSP00000309591	0	0	0	0	0.042	0.092	0	0.576	0.598
NOS3	PTGS2	9606.ENSP00000297494	9606.ENSP00000356438	0	0	0	0	0	0.091	0	0.622	0.642
NOTCH1	STAT3	9606.ENSP00000498587	9606.ENSP00000264657	0	0	0	0	0.050	0.079	0	0.661	0.677
NOTCH1	PPARG	9606.ENSP00000498587	9606.ENSP00000287820	0	0	0	0	0	0.050	0	0.411	0.416
NOTCH1	TERT	9606.ENSP00000498587	9606.ENSP00000309572	0	0	0	0	0.047	0.045	0	0.544	0.549
NOTCH1	TGFBR2	9606.ENSP00000498587	9606.ENSP00000351905	0	0	0	0	0.131	0.098	0	0.485	0.561
NOTCH1	STAT1	9606.ENSP00000498587	9606.ENSP00000354394	0	0	0	0	0.070	0.079	0	0.403	0.444
NOTCH1	PARP1	9606.ENSP00000498587	9606.ENSP00000355759	0	0	0	0	0.082	0.095	0	0.431	0.486
NOTCH1	PTGS2	9606.ENSP00000498587	9606.ENSP00000356438	0	0	0	0	0.098	0	0	0.375	0.413
NOTCH1	XIAP	9606.ENSP00000498587	9606.ENSP00000360242	0	0	0	0	0.049	0.314	0	0.322	0.519
NOTCH1	SRC	9606.ENSP00000498587	9606.ENSP00000362680	0	0	0	0	0.116	0.098	0	0.678	0.720
NOTCH1	TLR4	9606.ENSP00000498587	9606.ENSP00000363089	0	0	0	0	0.088	0.125	0	0.380	0.462
NOTCH1	RXRA	9606.ENSP00000498587	9606.ENSP00000419692	0	0	0	0	0.098	0.054	0	0.462	0.500
NOTCH1	TGFBR1	9606.ENSP00000498587	9606.ENSP00000447297	0	0	0	0	0.103	0.334	0	0.424	0.626
NOTCH1	PTPN11	9606.ENSP00000498587	9606.ENSP00000489597	0	0	0	0	0.042	0.106	0	0.540	0.571
NQO1	STAT3	9606.ENSP00000319788	9606.ENSP00000264657	0	0	0	0	0.042	0	0	0.426	0.427
NQO1	PPARG	9606.ENSP00000319788	9606.ENSP00000287820	0	0	0	0	0.081	0	0	0.452	0.475
NQO1	NR1I2	9606.ENSP00000319788	9606.ENSP00000336528	0	0	0	0	0	0	0	0.414	0.414
NQO1	TLR4	9606.ENSP00000319788	9606.ENSP00000363089	0	0	0	0	0	0	0	0.433	0.433
NQO1	PTGS2	9606.ENSP00000319788	9606.ENSP00000356438	0	0	0	0	0.055	0	0	0.571	0.578
NQO1	PARP1	9606.ENSP00000319788	9606.ENSP00000355759	0	0	0	0	0.060	0.292	0	0.479	0.622
NR1H4	STAT3	9606.ENSP00000447149	9606.ENSP00000264657	0	0	0	0	0	0.045	0	0.446	0.449
NR1H4	PPARG	9606.ENSP00000447149	9606.ENSP00000287820	0	0	0	0.668	0.044	0	0	0.537	0.539
NR1H4	PCK1	9606.ENSP00000447149	9606.ENSP00000319814	0	0	0	0	0.200	0.045	0	0.373	0.479
NR1H4	NR1I2	9606.ENSP00000447149	9606.ENSP00000336528	0	0	0	0.692	0.206	0	0	0.567	0.642
NR1H4	TLR4	9606.ENSP00000447149	9606.ENSP00000363089	0	0	0	0	0	0.066	0	0.518	0.531
NR1H4	RXRA	9606.ENSP00000447149	9606.ENSP00000419692	0	0	0	0.663	0.103	0.973	0.500	0.987	0.999
NR1I2	TLR4	9606.ENSP00000336528	9606.ENSP00000363089	0	0	0	0	0	0.066	0	0.427	0.442
NR1I2	PPARA	9606.ENSP00000336528	9606.ENSP00000385523	0	0	0	0.642	0.107	0	0	0.527	0.560
NR1I2	RXRA	9606.ENSP00000336528	9606.ENSP00000419692	0	0	0	0.628	0	0.970	0	0.982	0.999
PARP1	STAT3	9606.ENSP00000355759	9606.ENSP00000264657	0	0	0	0	0.049	0	0	0.655	0.657
PARP1	PPARG	9606.ENSP00000355759	9606.ENSP00000287820	0	0	0	0	0.067	0	0	0.623	0.633
PARP1	PLK1	9606.ENSP00000355759	9606.ENSP00000300093	0	0	0	0	0.121	0	0	0.521	0.561
PARP1	TERT	9606.ENSP00000355759	9606.ENSP00000309572	0	0	0	0	0.111	0	0	0.508	0.545
PARP1	TYMS	9606.ENSP00000355759	9606.ENSP00000315644	0	0	0	0	0.138	0	0	0.378	0.440
PARP1	STAT1	9606.ENSP00000355759	9606.ENSP00000354394	0	0	0	0	0.064	0	0	0.439	0.452
PARP1	PTGS2	9606.ENSP00000355759	9606.ENSP00000356438	0	0	0	0	0.084	0	0	0.479	0.502
PARP1	SRC	9606.ENSP00000355759	9606.ENSP00000362680	0	0	0	0	0	0.079	0	0.582	0.599
PARP1	XIAP	9606.ENSP00000355759	9606.ENSP00000360242	0	0	0	0	0.055	0	0	0.714	0.718
PCK1	PPARG	9606.ENSP00000319814	9606.ENSP00000287820	0	0	0	0	0.143	0.045	0.500	0.801	0.907
PCK1	RXRA	9606.ENSP00000319814	9606.ENSP00000419692	0	0	0	0	0	0.045	0.500	0.279	0.626
PCK1	PPARA	9606.ENSP00000319814	9606.ENSP00000385523	0	0	0	0	0.104	0.045	0	0.610	0.637
PLAU	STAT3	9606.ENSP00000361850	9606.ENSP00000264657	0	0	0	0	0.112	0	0	0.499	0.536
PLAU	PPARG	9606.ENSP00000361850	9606.ENSP00000287820	0	0	0	0	0.106	0	0	0.468	0.504
PLAU	PTGS2	9606.ENSP00000361850	9606.ENSP00000356438	0	0	0	0	0.102	0	0	0.521	0.552
PLAU	SRC	9606.ENSP00000361850	9606.ENSP00000362680	0	0	0	0	0.108	0.096	0	0.507	0.568
PLK1	STAT3	9606.ENSP00000300093	9606.ENSP00000264657	0	0	0	0	0.042	0	0	0.627	0.627
PLK1	TYMS	9606.ENSP00000300093	9606.ENSP00000315644	0	0	0	0	0.253	0	0	0.325	0.474
PLK1	PRKACA	9606.ENSP00000300093	9606.ENSP00000309591	0	0	0	0.735	0.056	0	0.800	0.121	0.819
PPARA	STAT3	9606.ENSP00000385523	9606.ENSP00000264657	0	0	0	0	0.055	0.045	0	0.564	0.573
PPARA	PPARG	9606.ENSP00000385523	9606.ENSP00000287820	0	0	0	0.952	0.055	0	0	0.642	0.647
PPARA	PRKACA	9606.ENSP00000385523	9606.ENSP00000309591	0	0	0	0	0.049	0	0.900	0.478	0.946
PPARA	STAT1	9606.ENSP00000385523	9606.ENSP00000354394	0	0	0	0	0.055	0.294	0	0.400	0.565
PPARA	PTGS2	9606.ENSP00000385523	9606.ENSP00000356438	0	0	0	0	0.063	0	0	0.723	0.729
PPARA	SRC	9606.ENSP00000385523	9606.ENSP00000362680	0	0	0	0	0.060	0.071	0	0.587	0.608
PPARA	TLR4	9606.ENSP00000385523	9606.ENSP00000363089	0	0	0	0	0.088	0.066	0	0.605	0.634
PPARA	RXRA	9606.ENSP00000385523	9606.ENSP00000419692	0	0	0	0.689	0.084	0.840	0.900	0.986	0.999
PPARG	STAT3	9606.ENSP00000287820	9606.ENSP00000264657	0	0	0	0	0.055	0.045	0	0.823	0.826
PPARG	TGFBR2	9606.ENSP00000287820	9606.ENSP00000351905	0	0	0	0	0.087	0.071	0	0.352	0.403
PPARG	TERT	9606.ENSP00000287820	9606.ENSP00000309572	0	0	0	0	0.067	0	0	0.487	0.501
PPARG	PTPN11	9606.ENSP00000287820	9606.ENSP00000489597	0	0	0	0	0.086	0.064	0	0.537	0.569
PPARG	PRKACA	9606.ENSP00000287820	9606.ENSP00000309591	0	0	0	0	0	0	0	0.577	0.577
PPARG	TGFBR1	9606.ENSP00000287820	9606.ENSP00000447297	0	0	0	0	0.103	0.071	0	0.601	0.639
PPARG	PTGS2	9606.ENSP00000287820	9606.ENSP00000356438	0	0	0	0	0.063	0	0	0.729	0.735
PPARG	SRC	9606.ENSP00000287820	9606.ENSP00000362680	0	0	0	0	0.086	0.071	0	0.714	0.736
PPARG	TLR4	9606.ENSP00000287820	9606.ENSP00000363089	0	0	0	0	0.119	0.066	0	0.708	0.738
PPARG	STAT1	9606.ENSP00000287820	9606.ENSP00000354394	0	0	0	0	0.083	0.294	0	0.740	0.817
PPARG	RXRA	9606.ENSP00000287820	9606.ENSP00000419692	0	0	0	0.688	0.061	0.999	0.900	0.987	0.999
PRKACA	STAT3	9606.ENSP00000309591	9606.ENSP00000264657	0	0	0	0	0.056	0	0	0.489	0.497
PRKACA	TLR4	9606.ENSP00000309591	9606.ENSP00000363089	0	0	0	0	0.062	0	0	0.435	0.448
PRKACA	PTGS2	9606.ENSP00000309591	9606.ENSP00000356438	0	0	0	0	0	0	0	0.585	0.585
PTGS2	STAT3	9606.ENSP00000356438	9606.ENSP00000264657	0	0	0	0	0.061	0	0.750	0.726	0.930
PTGS2	RARB	9606.ENSP00000356438	9606.ENSP00000332296	0	0	0	0	0.047	0	0	0.514	0.517
PTGS2	TGFBR2	9606.ENSP00000356438	9606.ENSP00000351905	0	0	0	0	0.146	0	0	0.350	0.421
PTGS2	STAT1	9606.ENSP00000356438	9606.ENSP00000354394	0	0	0	0	0.084	0	0	0.585	0.604
PTGS2	XIAP	9606.ENSP00000356438	9606.ENSP00000360242	0	0	0	0	0.064	0	0	0.438	0.451
PTGS2	RXRA	9606.ENSP00000356438	9606.ENSP00000419692	0	0	0	0	0.047	0	0	0.486	0.489
PTGS2	SRC	9606.ENSP00000356438	9606.ENSP00000362680	0	0	0	0	0.055	0.203	0	0.729	0.778
PTGS2	TLR4	9606.ENSP00000356438	9606.ENSP00000363089	0	0	0	0	0.179	0	0	0.751	0.787
PTPN11	STAT3	9606.ENSP00000489597	9606.ENSP00000264657	0	0	0	0	0.087	0.526	0.500	0.935	0.984
PTPN11	STAT1	9606.ENSP00000489597	9606.ENSP00000354394	0	0	0	0	0.076	0.439	0.500	0.868	0.961
PTPN11	SRC	9606.ENSP00000489597	9606.ENSP00000362680	0	0	0	0.556	0.103	0.538	0.800	0.980	0.998
PTPN11	TLR4	9606.ENSP00000489597	9606.ENSP00000363089	0	0	0	0	0.109	0.113	0.400	0.354	0.653
RARB	STAT3	9606.ENSP00000332296	9606.ENSP00000264657	0	0	0	0	0	0.045	0	0.470	0.472
RARB	TERT	9606.ENSP00000332296	9606.ENSP00000309572	0	0	0	0	0	0	0	0.412	0.412
RARB	RXRA	9606.ENSP00000332296	9606.ENSP00000419692	0	0	0	0.775	0.068	0.971	0.800	0.470	0.996
RXRA	STAT3	9606.ENSP00000419692	9606.ENSP00000264657	0	0	0	0	0.056	0.045	0	0.594	0.602
RXRA	STAT1	9606.ENSP00000419692	9606.ENSP00000354394	0	0	0	0	0.049	0.165	0	0.461	0.535
RXRA	SRC	9606.ENSP00000419692	9606.ENSP00000362680	0	0	0	0	0.073	0.314	0	0.531	0.676
SERPINA1	SRC	9606.ENSP00000416066	9606.ENSP00000362680	0	0	0	0	0	0	0	0.511	0.511
SERPINA1	TLR4	9606.ENSP00000416066	9606.ENSP00000363089	0	0	0	0	0.084	0	0	0.577	0.596
SRC	STAT3	9606.ENSP00000362680	9606.ENSP00000264657	0	0	0	0	0.091	0.841	0.900	0.996	0.999
SRC	TERT	9606.ENSP00000362680	9606.ENSP00000309572	0	0	0	0	0	0.049	0	0.407	0.412
SRC	TGFBR2	9606.ENSP00000362680	9606.ENSP00000351905	0	0	0	0.564	0.083	0	0	0.848	0.854
SRC	STAT1	9606.ENSP00000362680	9606.ENSP00000354394	0	0	0	0	0.092	0.646	0.500	0.649	0.936
SRC	XIAP	9606.ENSP00000362680	9606.ENSP00000360242	0	0	0	0	0.042	0.092	0	0.454	0.483
SRC	TLR4	9606.ENSP00000362680	9606.ENSP00000363089	0	0	0	0	0.086	0.576	0	0.715	0.880
STAT1	STAT3	9606.ENSP00000354394	9606.ENSP00000264657	0	0	0.064	0.947	0.192	0.874	0.900	0.982	0.999
STAT1	TGFBR2	9606.ENSP00000354394	9606.ENSP00000351905	0	0	0	0	0.087	0.174	0	0.339	0.459
STAT1	XIAP	9606.ENSP00000354394	9606.ENSP00000360242	0	0	0	0	0.057	0.066	0	0.391	0.418
STAT1	TLR4	9606.ENSP00000354394	9606.ENSP00000363089	0	0	0	0	0.113	0.045	0	0.855	0.867
STAT3	TGFBR1	9606.ENSP00000264657	9606.ENSP00000447297	0	0	0	0	0.047	0.096	0	0.487	0.519
STAT3	TGFBR2	9606.ENSP00000264657	9606.ENSP00000351905	0	0	0	0	0.081	0.096	0	0.518	0.565
STAT3	XIAP	9606.ENSP00000264657	9606.ENSP00000360242	0	0	0	0	0.090	0.066	0	0.607	0.637
STAT3	TERT	9606.ENSP00000264657	9606.ENSP00000309572	0	0	0	0	0	0	0	0.669	0.669
STAT3	TLR4	9606.ENSP00000264657	9606.ENSP00000363089	0	0	0	0	0.094	0.045	0	0.837	0.846
TERT	TGFBR2	9606.ENSP00000309572	9606.ENSP00000351905	0	0	0	0	0	0.236	0	0.312	0.452
TERT	XIAP	9606.ENSP00000309572	9606.ENSP00000360242	0	0	0	0	0	0	0	0.472	0.472
TGFBR1	TGFBR2	9606.ENSP00000447297	9606.ENSP00000351905	0	0	0	0.781	0.132	0.986	0.900	0.986	0.999
TGFBR1	XIAP	9606.ENSP00000447297	9606.ENSP00000360242	0	0	0	0	0.110	0.099	0	0.825	0.847
TGFBR1	TLR4	9606.ENSP00000447297	9606.ENSP00000363089	0	0	0	0	0.113	0.100	0	0.350	0.436
TGFBR2	TLR4	9606.ENSP00000351905	9606.ENSP00000363089	0	0	0	0	0.184	0.100	0	0.305	0.445
TLR4	XIAP	9606.ENSP00000363089	9606.ENSP00000360242	0	0	0	0	0.074	0.294	0	0.358	0.544
TYMP	TYMS	9606.ENSP00000379038	9606.ENSP00000315644	0.224	0	0	0	0.042	0	0	0.910	0.927
